-- MySQL dump 10.13  Distrib 8.0.34, for Win64 (x86_64)
--
-- Host: localhost    Database: ecomdata
-- ------------------------------------------------------
-- Server version	8.0.35

/*!40101 SET @OLD_CHARACTER_SET_CLIENT=@@CHARACTER_SET_CLIENT */;
/*!40101 SET @OLD_CHARACTER_SET_RESULTS=@@CHARACTER_SET_RESULTS */;
/*!40101 SET @OLD_COLLATION_CONNECTION=@@COLLATION_CONNECTION */;
/*!50503 SET NAMES utf8 */;
/*!40103 SET @OLD_TIME_ZONE=@@TIME_ZONE */;
/*!40103 SET TIME_ZONE='+00:00' */;
/*!40014 SET @OLD_UNIQUE_CHECKS=@@UNIQUE_CHECKS, UNIQUE_CHECKS=0 */;
/*!40014 SET @OLD_FOREIGN_KEY_CHECKS=@@FOREIGN_KEY_CHECKS, FOREIGN_KEY_CHECKS=0 */;
/*!40101 SET @OLD_SQL_MODE=@@SQL_MODE, SQL_MODE='NO_AUTO_VALUE_ON_ZERO' */;
/*!40111 SET @OLD_SQL_NOTES=@@SQL_NOTES, SQL_NOTES=0 */;

--
-- Table structure for table `tbl_category`
--

DROP TABLE IF EXISTS `tbl_category`;
/*!40101 SET @saved_cs_client     = @@character_set_client */;
/*!50503 SET character_set_client = utf8mb4 */;
CREATE TABLE `tbl_category` (
  `id` int NOT NULL AUTO_INCREMENT,
  `name` varchar(100) CHARACTER SET utf8mb3 COLLATE utf8mb3_general_ci NOT NULL,
  `description` varchar(100) CHARACTER SET utf8mb4 COLLATE utf8mb4_bin NOT NULL,
  `created_date` datetime DEFAULT NULL,
  `updated_date` datetime DEFAULT NULL,
  `created_by` int DEFAULT NULL,
  `updated_by` int DEFAULT NULL,
  `parent_id` int DEFAULT NULL,
  `status` varchar(100) CHARACTER SET utf8mb4 COLLATE utf8mb4_bin DEFAULT NULL,
  `seo` varchar(1000) CHARACTER SET utf8mb4 COLLATE utf8mb4_bin DEFAULT NULL,
  PRIMARY KEY (`id`),
  KEY `fk_internal_idx` (`parent_id`),
  CONSTRAINT `fk_self_joing` FOREIGN KEY (`parent_id`) REFERENCES `tbl_category` (`id`)
) ENGINE=InnoDB AUTO_INCREMENT=47 DEFAULT CHARSET=utf8mb4 COLLATE=utf8mb4_bin COMMENT='Bảng dữ liệu chứa danh mục sản phẩm';
/*!40101 SET character_set_client = @saved_cs_client */;

--
-- Dumping data for table `tbl_category`
--

LOCK TABLES `tbl_category` WRITE;
/*!40000 ALTER TABLE `tbl_category` DISABLE KEYS */;
INSERT INTO `tbl_category` VALUES (44,'kem dưỡng','kem dưỡng',NULL,NULL,NULL,NULL,NULL,'1',NULL),(45,'đồ dưỡng','đồ dưỡng',NULL,NULL,NULL,NULL,NULL,'1',NULL),(46,'Sữa rửa mặt','Sửa rửa mặt',NULL,NULL,NULL,NULL,NULL,NULL,NULL);
/*!40000 ALTER TABLE `tbl_category` ENABLE KEYS */;
UNLOCK TABLES;

--
-- Table structure for table `tbl_contact`
--

DROP TABLE IF EXISTS `tbl_contact`;
/*!40101 SET @saved_cs_client     = @@character_set_client */;
/*!50503 SET character_set_client = utf8mb4 */;
CREATE TABLE `tbl_contact` (
  `id` int NOT NULL AUTO_INCREMENT,
  `first_name` varchar(45) CHARACTER SET utf8mb3 COLLATE utf8mb3_general_ci NOT NULL,
  `last_name` varchar(45) CHARACTER SET utf8mb4 COLLATE utf8mb4_bin NOT NULL,
  `email` varchar(45) CHARACTER SET utf8mb4 COLLATE utf8mb4_bin NOT NULL,
  `request_type` varchar(45) CHARACTER SET utf8mb4 COLLATE utf8mb4_bin DEFAULT NULL,
  `message` varchar(1000) CHARACTER SET utf8mb4 COLLATE utf8mb4_bin NOT NULL,
  `created_date` datetime DEFAULT NULL,
  `updated_date` datetime DEFAULT NULL,
  `created_by` int DEFAULT NULL,
  `updated_by` int DEFAULT NULL,
  `status` varchar(100) CHARACTER SET utf8mb4 COLLATE utf8mb4_bin DEFAULT NULL,
  PRIMARY KEY (`id`)
) ENGINE=InnoDB AUTO_INCREMENT=21 DEFAULT CHARSET=utf8mb4 COLLATE=utf8mb4_bin COMMENT='Bảng dữ liệu chứa thông tin liên hệ';
/*!40101 SET character_set_client = @saved_cs_client */;

--
-- Dumping data for table `tbl_contact`
--

LOCK TABLES `tbl_contact` WRITE;
/*!40000 ALTER TABLE `tbl_contact` DISABLE KEYS */;
/*!40000 ALTER TABLE `tbl_contact` ENABLE KEYS */;
UNLOCK TABLES;

--
-- Table structure for table `tbl_products`
--

DROP TABLE IF EXISTS `tbl_products`;
/*!40101 SET @saved_cs_client     = @@character_set_client */;
/*!50503 SET character_set_client = utf8mb4 */;
CREATE TABLE `tbl_products` (
  `id` int NOT NULL AUTO_INCREMENT,
  `title` varchar(1000) CHARACTER SET utf8mb3 COLLATE utf8mb3_general_ci NOT NULL,
  `price` decimal(13,2) NOT NULL,
  `price_sale` decimal(13,2) DEFAULT NULL,
  `short_description` varchar(3000) CHARACTER SET utf8mb3 COLLATE utf8mb3_general_ci NOT NULL,
  `detail_description` longtext CHARACTER SET utf8mb4 COLLATE utf8mb4_bin NOT NULL,
  `avatar` varchar(200) CHARACTER SET utf8mb4 COLLATE utf8mb4_bin DEFAULT NULL,
  `category_id` int DEFAULT NULL,
  `created_date` datetime DEFAULT NULL,
  `updated_date` datetime DEFAULT NULL,
  `created_by` int DEFAULT NULL,
  `updated_by` int DEFAULT NULL,
  `status` varchar(100) CHARACTER SET utf8mb4 COLLATE utf8mb4_bin DEFAULT NULL,
  `seo` varchar(1000) CHARACTER SET utf8mb4 COLLATE utf8mb4_bin DEFAULT NULL,
  `is_hot` tinyint(1) DEFAULT '0',
  PRIMARY KEY (`id`),
  KEY `fk_category_products_idx` (`category_id`),
  CONSTRAINT `fk_category_products` FOREIGN KEY (`category_id`) REFERENCES `tbl_category` (`id`) ON DELETE RESTRICT
) ENGINE=InnoDB AUTO_INCREMENT=182 DEFAULT CHARSET=utf8mb4 COLLATE=utf8mb4_bin COMMENT='Bảng dữ liệu chứa danh mục sản phẩm';
/*!40101 SET character_set_client = @saved_cs_client */;

--
-- Dumping data for table `tbl_products`
--

LOCK TABLES `tbl_products` WRITE;
/*!40000 ALTER TABLE `tbl_products` DISABLE KEYS */;
INSERT INTO `tbl_products` VALUES (150,'Sữa rửa mặt Simple',266000.00,220000.00,'Sữa rửa mặt SImple','<p>sfd</p>','product/avatar/simple1703040810756.jpeg',44,NULL,NULL,NULL,NULL,NULL,NULL,0),(155,'Sữa Chống Nắng Dưỡng Da Kiềm Dầu Bảo Vệ Hoàn Hảo Anessa Perfect Uv',499000.00,400000.00,'Sữa Chống Nắng Dưỡng Da Kiềm Dầu Bảo Vệ Hoàn Hảo Anessa Perfect UV Sunscreen Skincare Milk SPF50+ PA++++ 60Ml\r\n','<div style=\"font-family: Quicksand, sans-serif; margin: 0px; padding: 0px; color: rgb(39, 39, 39); text-align: justify;\"><span style=\"margin: 0px; padding: 0px; font-weight: 700;\">Sữa Chống Nắng Dưỡng Da Kiềm Dầu Bảo Vệ Hoàn Hảo Anessa Perfect UV Sunscreen Skincare Milk SPF50+ PA++++ 60Ml</span></div><div><span style=\"margin: 0px; padding: 0px; font-weight: 700;\"><br></span></div>','product/avatar/anesssa1703000012210.png',44,NULL,NULL,NULL,NULL,NULL,NULL,0),(156,'Nước Hoa Hồng Không Mùi Dưỡng Ẩm Và Làm Mềm Da Dear Klairs Supple ,Sữa rửa mặt Simple',280000.00,250000.00,'Nước Hoa Hồng Không Mùi Dưỡng Ẩm Và Làm Mềm Da Dear Klairs Supple Preparation Unscented Toner 180ml\r\n,Sữa rửa mặt dịu nhẹ dành cho da nhạy cảm đến từ thương hiệu Simple có công thức dịu nhẹ và thành phần lành tính phù hợp cho mọi loại da, đặc biệt là da nhạy cảm. Sản phẩm giúp làm sạch da, loại bỏ lớp trang điểm, bụi bẩn hay những tạp chất còn sót lại sau bước tẩy trang một cách nhẹ nhàng nhất, đem lại làn da tươi mát và tràn đầy sức sống sau mỗi lần sử dụng. ','<div style=\"font-family: Quicksand, sans-serif; margin: 0px; padding: 0px; color: rgb(39, 39, 39);\"><span style=\"margin: 0px; padding: 0px; font-size: 16px;\">Nước Hoa Hồng Không Mùi Dưỡng Ẩm Và Làm Mềm Da Dear Klairs Supple Preparation Unscented Toner 180ml</span></div><div><span style=\"margin: 0px; padding: 0px; font-size: 16px;\"><br></span></div>,<p><span style=\"color: rgb(39, 39, 39); font-family: Quicksand, sans-serif; font-size: 16px;\">SRM dịu nhẹ dành cho da nhạy cảm đến từ </span><span style=\"font-family: Quicksand, sans-serif; font-size: 16px;\"><font color=\"#2980b9\"><b>Simple&nbsp;</b></font></span><span style=\"color: rgb(39, 39, 39); font-family: Quicksand, sans-serif; font-size: 16px;\">có công thức dịu nhẹ&nbsp;và thành phần lành tính phù hợp cho mọi loại da, đặc biệt là da nhạy cảm. Sản phẩm giúp làm sạch da, loại bỏ lớp trang điểm, bụi bẩn hay những tạp chất còn sót lại sau bước tẩy trang một cách nhẹ nhàng nhất, đem lại làn da tươi mát và tràn đầy sức sống sau mỗi lần sử dụng.&nbsp;</span><br></p>','product/avatar/klair1702997895557.jpg',45,NULL,NULL,NULL,NULL,NULL,NULL,0),(158,'Sữa rửa mặt Simple',270000.00,250000.00,'sfdsfsdf','<p>dsfsdf</p>',NULL,44,NULL,NULL,NULL,NULL,NULL,NULL,0),(159,'Sữa rửa mặt Simple',266000.00,250000.00,'Sữa Rửa Mặt Dịu Nhẹ Cho Da Nhạy Cảm Simple Kind To Skin Refreshing Facial Wash 150Ml\r\n \r\nSữa rửa mặt dịu nhẹ dành cho da nhạy cảm đến từ thương hiệu Simple có công thức dịu nhẹ và thành phần lành tính phù hợp cho mọi loại da, đặc biệt là da nhạy cảm. Sản phẩm giúp làm sạch da, loại bỏ lớp trang điểm, bụi bẩn hay những tạp chất còn sót lại sau bước tẩy trang một cách nhẹ nhàng nhất, đem lại làn da tươi mát và tràn đầy sức sống sau mỗi lần sử dụng. ','<div style=\"font-family: Quicksand, sans-serif; margin: 0px; padding: 0px; color: rgb(39, 39, 39);\"><span style=\"margin: 0px; padding: 0px; font-size: 16px;\"><span style=\"margin: 0px; padding: 0px; font-weight: 700;\">Sữa Rửa Mặt Dịu Nhẹ Cho Da Nhạy Cảm Simple Kind To Skin Refreshing Facial Wash 150Ml</span></span></div><div style=\"font-family: Quicksand, sans-serif; margin: 0px; padding: 0px; color: rgb(39, 39, 39);\">&nbsp;</div><div style=\"font-family: Quicksand, sans-serif; margin: 0px; padding: 0px; color: rgb(39, 39, 39);\"><span style=\"margin: 0px; padding: 0px; font-size: 16px;\"><a target=\"Saramt\" href=\"https://www.guardian.com.vn/collections/sua-rua-mat\" style=\"font-family: Quicksand, sans-serif; margin: 0px; padding: 0px; color: rgb(7, 130, 193); text-decoration: none; outline: none; transition: opacity 150ms linear 0s, color 150ms linear 0s, background 150ms linear 0s;\">Sữa rửa mặt</a>&nbsp;dịu nhẹ dành cho da nhạy cảm đến từ&nbsp;<span style=\"margin: 0px; padding: 0px; font-weight: 700;\"><a target=\"_blank\" href=\"https://www.guardian.com.vn/collections/vendors?q=simple\" style=\"font-family: Quicksand, sans-serif; margin: 0px; padding: 0px; color: rgb(7, 130, 193); text-decoration: none; outline: none; transition: opacity 150ms linear 0s, color 150ms linear 0s, background 150ms linear 0s;\"><span style=\"margin: 0px; padding: 0px; color: rgb(41, 128, 185);\">thương hiệu Simple</span></a></span>&nbsp;có công thức dịu nhẹ&nbsp;và thành phần lành tính phù hợp cho mọi loại da, đặc biệt là da nhạy cảm. Sản phẩm giúp làm sạch da, loại bỏ lớp trang điểm, bụi bẩn hay những tạp chất còn sót lại sau bước tẩy trang một cách nhẹ nhàng nhất, đem lại làn da tươi mát và tràn đầy sức sống sau mỗi lần sử dụng.&nbsp;</span></div>','product/avatar/simple17030408107561703042283174.jpeg',46,NULL,NULL,NULL,NULL,NULL,NULL,0),(160,'Phấn Nước Laneige Cho Lớp Nền Căng Bóng Tự Nhiên 24H #21N 15g',620000.00,619000.00,'Phấn Nước Laneige Căng Bóng 24h là dòng phấn nước cushion đến từ thương hiệu mỹ phẩm cao cấp Laneige của Hàn Quốc, sử dụng công nghệ Liquid Diamond™ giúp che phủ tối ưu các khuyết điểm, vùng da tối màu, đem lại hiệu ứng bóng khỏe, sáng mịn. Đồng thời sản phẩm bổ sung các thành phần dưỡng ẩm giúp da luôn ẩm mượt trong suốt 24 giờ.','<p style=\"--tw-border-spacing-x: 0; --tw-border-spacing-y: 0; --tw-translate-x: 0; --tw-translate-y: 0; --tw-rotate: 0; --tw-skew-x: 0; --tw-skew-y: 0; --tw-scale-x: 1; --tw-scale-y: 1; --tw-pan-x: ; --tw-pan-y: ; --tw-pinch-zoom: ; --tw-scroll-snap-strictness: proximity; --tw-ordinal: ; --tw-slashed-zero: ; --tw-numeric-figure: ; --tw-numeric-spacing: ; --tw-numeric-fraction: ; --tw-ring-inset: ; --tw-ring-offset-width: 0px; --tw-ring-offset-color: #fff; --tw-ring-color: rgb(59 130 246 / 0.5); --tw-ring-offset-shadow: 0 0 #0000; --tw-ring-shadow: 0 0 #0000; --tw-shadow: 0 0 #0000; --tw-shadow-colored: 0 0 #0000; --tw-blur: ; --tw-brightness: ; --tw-contrast: ; --tw-grayscale: ; --tw-hue-rotate: ; --tw-invert: ; --tw-saturate: ; --tw-sepia: ; --tw-drop-shadow: ; --tw-backdrop-blur: ; --tw-backdrop-brightness: ; --tw-backdrop-contrast: ; --tw-backdrop-grayscale: ; --tw-backdrop-hue-rotate: ; --tw-backdrop-invert: ; --tw-backdrop-opacity: ; --tw-backdrop-saturate: ; --tw-backdrop-sepia: ; font-family: arial, helvetica, sans-serif; font-size: 13px;\"><span style=\"font-weight: 600; --tw-border-spacing-x: 0; --tw-border-spacing-y: 0; --tw-translate-x: 0; --tw-translate-y: 0; --tw-rotate: 0; --tw-skew-x: 0; --tw-skew-y: 0; --tw-scale-x: 1; --tw-scale-y: 1; --tw-pan-x: ; --tw-pan-y: ; --tw-pinch-zoom: ; --tw-scroll-snap-strictness: proximity; --tw-ordinal: ; --tw-slashed-zero: ; --tw-numeric-figure: ; --tw-numeric-spacing: ; --tw-numeric-fraction: ; --tw-ring-inset: ; --tw-ring-offset-width: 0px; --tw-ring-offset-color: #fff; --tw-ring-color: rgb(59 130 246 / 0.5); --tw-ring-offset-shadow: 0 0 #0000; --tw-ring-shadow: 0 0 #0000; --tw-shadow: 0 0 #0000; --tw-shadow-colored: 0 0 #0000; --tw-blur: ; --tw-brightness: ; --tw-contrast: ; --tw-grayscale: ; --tw-hue-rotate: ; --tw-invert: ; --tw-saturate: ; --tw-sepia: ; --tw-drop-shadow: ; --tw-backdrop-blur: ; --tw-backdrop-brightness: ; --tw-backdrop-contrast: ; --tw-backdrop-grayscale: ; --tw-backdrop-hue-rotate: ; --tw-backdrop-invert: ; --tw-backdrop-opacity: ; --tw-backdrop-saturate: ; --tw-backdrop-sepia: ;\">Thành phần đầy đủ:</span></p><p style=\"--tw-border-spacing-x: 0; --tw-border-spacing-y: 0; --tw-translate-x: 0; --tw-translate-y: 0; --tw-rotate: 0; --tw-skew-x: 0; --tw-skew-y: 0; --tw-scale-x: 1; --tw-scale-y: 1; --tw-pan-x: ; --tw-pan-y: ; --tw-pinch-zoom: ; --tw-scroll-snap-strictness: proximity; --tw-ordinal: ; --tw-slashed-zero: ; --tw-numeric-figure: ; --tw-numeric-spacing: ; --tw-numeric-fraction: ; --tw-ring-inset: ; --tw-ring-offset-width: 0px; --tw-ring-offset-color: #fff; --tw-ring-color: rgb(59 130 246 / 0.5); --tw-ring-offset-shadow: 0 0 #0000; --tw-ring-shadow: 0 0 #0000; --tw-shadow: 0 0 #0000; --tw-shadow-colored: 0 0 #0000; --tw-blur: ; --tw-brightness: ; --tw-contrast: ; --tw-grayscale: ; --tw-hue-rotate: ; --tw-invert: ; --tw-saturate: ; --tw-sepia: ; --tw-drop-shadow: ; --tw-backdrop-blur: ; --tw-backdrop-brightness: ; --tw-backdrop-contrast: ; --tw-backdrop-grayscale: ; --tw-backdrop-hue-rotate: ; --tw-backdrop-invert: ; --tw-backdrop-opacity: ; --tw-backdrop-saturate: ; --tw-backdrop-sepia: ; font-family: arial, helvetica, sans-serif; font-size: 13px;\"><span style=\"--tw-border-spacing-x: 0; --tw-border-spacing-y: 0; --tw-translate-x: 0; --tw-translate-y: 0; --tw-rotate: 0; --tw-skew-x: 0; --tw-skew-y: 0; --tw-scale-x: 1; --tw-scale-y: 1; --tw-pan-x: ; --tw-pan-y: ; --tw-pinch-zoom: ; --tw-scroll-snap-strictness: proximity; --tw-ordinal: ; --tw-slashed-zero: ; --tw-numeric-figure: ; --tw-numeric-spacing: ; --tw-numeric-fraction: ; --tw-ring-inset: ; --tw-ring-offset-width: 0px; --tw-ring-offset-color: #fff; --tw-ring-color: rgb(59 130 246 / 0.5); --tw-ring-offset-shadow: 0 0 #0000; --tw-ring-shadow: 0 0 #0000; --tw-shadow: 0 0 #0000; --tw-shadow-colored: 0 0 #0000; --tw-blur: ; --tw-brightness: ; --tw-contrast: ; --tw-grayscale: ; --tw-hue-rotate: ; --tw-invert: ; --tw-saturate: ; --tw-sepia: ; --tw-drop-shadow: ; --tw-backdrop-blur: ; --tw-backdrop-brightness: ; --tw-backdrop-contrast: ; --tw-backdrop-grayscale: ; --tw-backdrop-hue-rotate: ; --tw-backdrop-invert: ; --tw-backdrop-opacity: ; --tw-backdrop-saturate: ; --tw-backdrop-sepia: ;\">Water / Aqua / Eau, Cyclopentasiloxane, Titanium Dioxide (Ci 77891), Phenyl Trimethicone, Homosalate, Glycerin, Ethylhexyl Methoxycinnamate, Titanium Dioxide (Nano), Peg-10 Dimethicone, Cyclohexasiloxane, Boron Nitride, Trimethylsiloxysilicate, Niacinamide, Lauryl Peg-10 Tris(Trimethylsiloxy)Silylethyl Dimethicone, Propanediol, Polymethyl Methacrylate, 1,2-Hexanediol, Acrylates/Dimethicone Copolymer, Disteardimonium Hectorite, Iron Oxides (Ci 77492), Sodium Chloride, Alumina, Bismuth Oxychloride (Ci 77163), Glyceryl Stearate Citrate, Polysorbate 80, Disodium Stearoyl Glutamate, Fragrance / Parfum, Aluminum Hydroxide, Dimethicone/Peg-10/15 Crosspolymer, Caprylyl Glycol, Hydrogenated Lecithin, Ethylhexyl Hydroxystearate, Iron Oxides (Ci 77491), Simethicone, Glyceryl Caprylate, Ethylhexylglycerin, Disodium Edta, Adenosine, Iron Oxides (Ci 77499), Triethoxycaprylylsilane, Citronellol, Geraniol, Limonene, Dipropylene Glycol, Bht, Hydroxycitronellal, Thymol Trimethoxycinnamate, Sodium Citrate, Tocopherol, Sodium Benzoate, Lactic Acid, Potassium Sorbate, Diamond Powder, Xanthan Gum</span></p>','product/avatar/phannuoc16775139064771703099290377.png',45,NULL,NULL,NULL,NULL,NULL,NULL,0),(161,'Sữa Rửa Mặt Revitalift L\'Oréal Paris 100Ml',189000.00,180000.00,'Sữa rửa mặt tạo bọt dịu nhẹ L’Oreal thuộc dòng Revitalift được nghiên cứu bởi viện nghiên cứu L’Oreal Paris của thương hiệu Mỹ Phẩm L’Oreal mang lại hiệu quả cao trong việc rửa sạch và nuôi dưỡng làn da sáng, khỏe mạnh mỗi ngày. Thành phần BHA đã được thương hiệu Mỹ Phẩm L\'Oreal từ L\'Oreal Vietnam nghiên cứu giúp làn da luôn săn chắc và giúp ngừa lão hoá hoàn hảo đồng thời Glycerin giúp da luôn mềm mượt, ẩm mịn','<div style=\"font-family: Quicksand, sans-serif; margin: 0px; padding: 0px; color: rgb(39, 39, 39);\"><u style=\"margin: 0px; padding: 0px;\"><span style=\"margin: 0px; padding: 0px; font-weight: 700;\">Thành phần:</span></u>&nbsp;Aqua / water, sodium cocoyl glycinate, coco-betaine, glycerin, sodium chloride, ci 77891 / titanium dioxide, acrylates/c10-30 alkyl acrylate crosspolymer, peg-14m, glycol distearate, sodium hydroxide, polyquaternium-39, methylparaben, palmitic acid, zinc gluconate, sodium benzoate, salicylic acid, phenoxyethanol, ethylparaben, parfum / fragrance, linalool, citronellol, benzyl alcohol, benzyl salicylate</div><div style=\"font-family: Quicksand, sans-serif; margin: 0px; padding: 0px; color: rgb(39, 39, 39);\">&nbsp;</div><div style=\"font-family: Quicksand, sans-serif; margin: 0px; padding: 0px; color: rgb(39, 39, 39);\"><u style=\"margin: 0px; padding: 0px;\"><span style=\"margin: 0px; padding: 0px; font-weight: 700;\">Quy&nbsp;cách:</span></u>&nbsp;Tuýp, 100Ml</div><div style=\"font-family: Quicksand, sans-serif; margin: 0px; padding: 0px; color: rgb(39, 39, 39);\">&nbsp;</div><div style=\"font-family: Quicksand, sans-serif; margin: 0px; padding: 0px; color: rgb(39, 39, 39);\"><u style=\"margin: 0px; padding: 0px;\"><span style=\"margin: 0px; padding: 0px; font-weight: 700;\">Bảo quản:</span></u>&nbsp;Nơi khô ráo, thoáng mát. Tránh ánh nắng trực tiếp</div><div style=\"font-family: Quicksand, sans-serif; margin: 0px; padding: 0px; color: rgb(39, 39, 39);\">&nbsp;</div><div style=\"font-family: Quicksand, sans-serif; margin: 0px; padding: 0px; color: rgb(39, 39, 39);\"><u style=\"margin: 0px; padding: 0px;\"><span style=\"margin: 0px; padding: 0px; font-weight: 700;\">Xuất xứ:</span></u>&nbsp;L\'Oreal Paris</div><div style=\"font-family: Quicksand, sans-serif; margin: 0px; padding: 0px; color: rgb(39, 39, 39);\">&nbsp;</div><div style=\"font-family: Quicksand, sans-serif; margin: 0px; padding: 0px; color: rgb(39, 39, 39);\"><u style=\"margin: 0px; padding: 0px;\"><span style=\"margin: 0px; padding: 0px; font-weight: 700;\">HSD:</span></u>&nbsp;3 năm kể từ NSX</div>','product/avatar/paris1703089504656.webp',46,NULL,NULL,NULL,NULL,NULL,NULL,0),(162,'Sửa rửa mặt tạo bọt Eucerin',650000.00,600000.00,'Phù hợp cho da nhờn, nhiều dầu và dễ nổi mụn\r\n\r\nLàm sạch sâu và giảm nhờn. Đồng thời, với Bisabolol giúp hỗ trợ giảm mụn.\r\n\r\nHiện có 02 dung tích: 50g và 150g','<section class=\"cp-container eucerin-cp cp-text right \" style=\"-webkit-font-smoothing: antialiased; margin: 0px auto 20px; width: 792.8px; max-width: 100%; clear: both; font-size: medium; color: var(--GlobalTextColor,#4e5c67); line-height: var(--GlobalNormalTextLineHeight,24px); padding-left: 0px; padding-right: 0px; font-family: Roboto-Regular, sans-serif;\"><p class=\"hdl-3\" style=\"-webkit-font-smoothing: antialiased; margin-top: 30px; line-height: var(--GlobalH3DesktopMobileLineHeight,32px); color: var(--GlobalHeadlineColor,#223341); font-weight: var(--GlobalMediumFontWeight); font-family: var(--GlobalFontFamilyMedium,&quot;EucerinaWgl-Demibold&quot;); font-size: var(--GlobalH3DesktopMobileFontSize,24px);\">Sữa rửa mặt tạo bọt dịu nhẹ</p></section><section class=\"cp-container eucerin-cp cp-text right \" style=\"-webkit-font-smoothing: antialiased; margin: 20px auto; width: 792.8px; max-width: 100%; clear: both; font-size: medium; color: var(--GlobalTextColor,#4e5c67); line-height: var(--GlobalNormalTextLineHeight,24px); padding-left: 0px; padding-right: 0px; font-family: Roboto-Regular, sans-serif;\"><div class=\"text\" style=\"-webkit-font-smoothing: antialiased; width: 792.8px; font-size: var(--GlobalNormalTextFontSize,16px); color: var(--GlobalTextColor,#4e5c67); line-height: var(--GlobalNormalTextLineHeight,24px); font-family: var(--GlobalFontFamilyRegular,&quot;Roboto-Light&quot;); display: inline-block;\"><p style=\"-webkit-font-smoothing: antialiased; margin-bottom: 0px;\">Với kết cấu bọt mềm mại, sản phẩm nhẹ nhàng làm sạch làn da mà vẫn giữ được độ ẩm tự nhiên và không làm khô da. Đồng thời, với Bisabolol là thành phần tự nhiên có khả năng hỗ trợ giảm mụn hiệu quả.</p><p style=\"-webkit-font-smoothing: antialiased; margin-top: 8px; margin-bottom: 0px;\">Sản phẩm cũng được sử dụng để điều trị mụn trứng cá do da liễu hoặc trong khi mang thai.</p></div></section><section class=\"cp-container eucerin-cp cp-text right \" style=\"-webkit-font-smoothing: antialiased; margin: 20px auto 0px; width: 792.8px; max-width: 100%; clear: both; font-size: medium; color: var(--GlobalTextColor,#4e5c67); line-height: var(--GlobalNormalTextLineHeight,24px); padding-left: 0px; padding-right: 0px; padding-bottom: 50px; font-family: Roboto-Regular, sans-serif;\"><p class=\"hdl-3\" style=\"-webkit-font-smoothing: antialiased; margin-top: 30px; line-height: var(--GlobalH3DesktopMobileLineHeight,32px); color: var(--GlobalHeadlineColor,#223341); font-weight: var(--GlobalMediumFontWeight); font-family: var(--GlobalFontFamilyMedium,&quot;EucerinaWgl-Demibold&quot;); font-size: var(--GlobalH3DesktopMobileFontSize,24px);\">Nghiên cứu lâm sàng và da liễu</p><div class=\"text\" style=\"-webkit-font-smoothing: antialiased; width: 792.8px; font-size: var(--GlobalNormalTextFontSize,16px); color: var(--GlobalTextColor,#4e5c67); line-height: var(--GlobalNormalTextLineHeight,24px); font-family: var(--GlobalFontFamilyRegular,&quot;Roboto-Light&quot;); display: inline-block; margin-top: 0px;\"><p style=\"-webkit-font-smoothing: antialiased; margin-bottom: 0px;\">Phù hợp cho mọi loại da, đặc biệt là da nhờn và dễ nổi mụn. Với kết cấu bọt mềm mại, sản phẩm nhẹ nhàng làm sạch làn da mà vẫn giữ được độ ẩm tự nhiên và không làm khô da. Đồng thời, với Bisabolol là thành phần tự nhiên có khả năng hỗ trợ giảm mụn hiệu quả. Sản phẩm cũng được sử dụng để điều trị mụn trứng cá do da liễu hoặc trong khi mang thai.</p></div></section>','product/avatar/srm21703126466821.webp',46,NULL,NULL,NULL,NULL,NULL,NULL,0),(163,'Kem Nền Hiệu Ứng Căng Bóng Ink Lasting Foundation Glow 30ml',649000.00,600000.00,'Kem Nền Hiệu Ứng Căng Bóng Ink Lasting Foundation Glow 30ml của nhà The Face Shop','<p><span style=\"font-family: SVNMont, sans-serif; text-align: justify;\">Chất kem nền thật mỏng nhẹ, tạo lớp nền ẩm mượt góp phần cải thiện nếp nhăn và tăng cường độ bóng thật của làn da khi ánh sáng chiếu vào. Kết hợp với đó là các hạt phấn có tính năng kiềm dầu, cấp ẩm giúp&nbsp;</span><span style=\"font-family: SVNMont, sans-serif; font-weight: bolder; text-align: justify;\"><em style=\"font-family: var(--font-family);\">kem nền tạo hiệu ứng căng bóng Ink Lasting Foundation Glow</em></span><span style=\"font-family: SVNMont, sans-serif; text-align: justify;\">&nbsp;có thể bám lâu trên da, chống xỉn màu, chống nứt phấn và bền màu khi tiếp xúc với nước cũng như mồ hôi.</span><br></p>','product/avatar/found1703099567689.webp',45,NULL,NULL,NULL,NULL,NULL,NULL,0),(164,'Sữa Rửa Mặt Dành Cho Da Mụn Senka Perfect Whip Acne Care 100Gr',100000.00,80000.00,'Sữa Rửa Mặt Dành Cho Da Mụn Senka Perfect Whip Acne Care 100Gr\r\n','<div class=\"title-bl\" style=\"font-family: Quicksand, sans-serif; margin: 0px; padding: 0px; text-align: center; color: rgb(39, 39, 39);\"><br></div><div class=\"description-content\" style=\"font-family: Quicksand, sans-serif; margin: 0px; padding: 0px; color: rgb(39, 39, 39);\"><div class=\"description-productdetail\" style=\"margin: 0px; padding: 0px;\"><div style=\"margin: 0px; padding: 0px; text-align: justify;\">Sữa Rửa Mặt Dành Cho Da Mụn Perfect Whip Acne Care Senka 100Gr&nbsp;có công thức cải tiến tạo bọt cực mịn và đàn hồi như một mạng lưới giúp rửa sạch hoàn hảo trên bề mặt da và cả bên trong lỗ chân lông, cho làn da sạch tinh khiết, giúp làm sáng. Ngoài ra, sản phẩm còn chứa chiết xuất hoa cúc vùng Kyoto Nhật Bản giúp da Giúp Sạch Khuẩn, hỗ trợ làm chậm quá trình oxy hóa, cung cấp độ ẩm cần thiết và trả lại sự mịn màng cho làn da. Sản phẩm được chứng minh lâm sàng, giảm mụn đáng kể chỉ sau 4 tuần<br style=\"margin: 0px; padding: 0px;\">Thành phần:<br style=\"margin: 0px; padding: 0px;\">- Chiết xuất từ Hoa Cúc từ vùng Kyoto, Nhật Bản: Một trong những dược liệu cổ truyền của người Nhật, với tác dụng chống vi khuẩn, giúp giảm viêm<br style=\"margin: 0px; padding: 0px;\">- SALICYLIC ACID: Thuộc nhóm BHA, có khả năng loại bỏ tế bào chết hiệu quả, giúp ngăn chặn tình trạng mụn do bít tắt lỗ chân lông. Salicylic Acid còn giúp loại bỏ lượng dầu thừa trên da và làm ổn định cấu trúc da, kích thích quá trình tái tạo tế bào da mới mịn màng và rạng rỡ hơn<br style=\"margin: 0px; padding: 0px;\">- Chiết xuất Tơ tằm trắng &amp; Gấp đôi Hyaluronic acid kết hợp với công nghệ dưỡng ẩm độc quyền từ Shiseido bảo vệ màn ẩm tự nhiên của da, mang lại hiệu quả dưỡng ẩm chuyên sâu, giúp da mềm và ẩm mịn sau rửa mặt</div></div></div>','product/avatar/srm11703099769980.webp',46,NULL,NULL,NULL,NULL,NULL,NULL,0),(166,'Kem Dưỡng Clinique Cấp Ẩm Chuyên Sâu 50ml Moisture Surge 100H Auto-Replenishing Hydrator',1460000.00,1400000.00,'Moisture Surge 100H Auto-Replenishing Hydrator là kem dưỡng ẩm phiên bản nâng cấp từ dòng sản phẩm được yêu thích nhất của thương hiệu Clinique. Kết cấu kem gel mỏng nhẹ không chứa dầu với thành phần Men Vi Sinh Lô Hội độc quyền, Hyaluronic Acid & nước Lô Hội hoạt tính có khả năng cấp ẩm thẩm thấu chuyên sâu qua 10 tầng da* và giữ cho da ngậm nước liên tục trong suốt 100 giờ ngay cả sau khi rửa mặ','<p style=\"--tw-border-spacing-x: 0; --tw-border-spacing-y: 0; --tw-translate-x: 0; --tw-translate-y: 0; --tw-rotate: 0; --tw-skew-x: 0; --tw-skew-y: 0; --tw-scale-x: 1; --tw-scale-y: 1; --tw-pan-x: ; --tw-pan-y: ; --tw-pinch-zoom: ; --tw-scroll-snap-strictness: proximity; --tw-ordinal: ; --tw-slashed-zero: ; --tw-numeric-figure: ; --tw-numeric-spacing: ; --tw-numeric-fraction: ; --tw-ring-inset: ; --tw-ring-offset-width: 0px; --tw-ring-offset-color: #fff; --tw-ring-color: rgb(59 130 246 / 0.5); --tw-ring-offset-shadow: 0 0 #0000; --tw-ring-shadow: 0 0 #0000; --tw-shadow: 0 0 #0000; --tw-shadow-colored: 0 0 #0000; --tw-blur: ; --tw-brightness: ; --tw-contrast: ; --tw-grayscale: ; --tw-hue-rotate: ; --tw-invert: ; --tw-saturate: ; --tw-sepia: ; --tw-drop-shadow: ; --tw-backdrop-blur: ; --tw-backdrop-brightness: ; --tw-backdrop-contrast: ; --tw-backdrop-grayscale: ; --tw-backdrop-hue-rotate: ; --tw-backdrop-invert: ; --tw-backdrop-opacity: ; --tw-backdrop-saturate: ; --tw-backdrop-sepia: ; font-family: arial, helvetica, sans-serif; font-size: 13px;\"><span style=\"font-weight: 600; --tw-border-spacing-x: 0; --tw-border-spacing-y: 0; --tw-translate-x: 0; --tw-translate-y: 0; --tw-rotate: 0; --tw-skew-x: 0; --tw-skew-y: 0; --tw-scale-x: 1; --tw-scale-y: 1; --tw-pan-x: ; --tw-pan-y: ; --tw-pinch-zoom: ; --tw-scroll-snap-strictness: proximity; --tw-ordinal: ; --tw-slashed-zero: ; --tw-numeric-figure: ; --tw-numeric-spacing: ; --tw-numeric-fraction: ; --tw-ring-inset: ; --tw-ring-offset-width: 0px; --tw-ring-offset-color: #fff; --tw-ring-color: rgb(59 130 246 / 0.5); --tw-ring-offset-shadow: 0 0 #0000; --tw-ring-shadow: 0 0 #0000; --tw-shadow: 0 0 #0000; --tw-shadow-colored: 0 0 #0000; --tw-blur: ; --tw-brightness: ; --tw-contrast: ; --tw-grayscale: ; --tw-hue-rotate: ; --tw-invert: ; --tw-saturate: ; --tw-sepia: ; --tw-drop-shadow: ; --tw-backdrop-blur: ; --tw-backdrop-brightness: ; --tw-backdrop-contrast: ; --tw-backdrop-grayscale: ; --tw-backdrop-hue-rotate: ; --tw-backdrop-invert: ; --tw-backdrop-opacity: ; --tw-backdrop-saturate: ; --tw-backdrop-sepia: ;\">Thành phần chính:</span></p><ul style=\"margin-bottom: 10px; --tw-border-spacing-x: 0; --tw-border-spacing-y: 0; --tw-translate-x: 0; --tw-translate-y: 0; --tw-rotate: 0; --tw-skew-x: 0; --tw-skew-y: 0; --tw-scale-x: 1; --tw-scale-y: 1; --tw-pan-x: ; --tw-pan-y: ; --tw-pinch-zoom: ; --tw-scroll-snap-strictness: proximity; --tw-ordinal: ; --tw-slashed-zero: ; --tw-numeric-figure: ; --tw-numeric-spacing: ; --tw-numeric-fraction: ; --tw-ring-inset: ; --tw-ring-offset-width: 0px; --tw-ring-offset-color: #fff; --tw-ring-color: rgb(59 130 246 / 0.5); --tw-ring-offset-shadow: 0 0 #0000; --tw-ring-shadow: 0 0 #0000; --tw-shadow: 0 0 #0000; --tw-shadow-colored: 0 0 #0000; --tw-blur: ; --tw-brightness: ; --tw-contrast: ; --tw-grayscale: ; --tw-hue-rotate: ; --tw-invert: ; --tw-saturate: ; --tw-sepia: ; --tw-drop-shadow: ; --tw-backdrop-blur: ; --tw-backdrop-brightness: ; --tw-backdrop-contrast: ; --tw-backdrop-grayscale: ; --tw-backdrop-hue-rotate: ; --tw-backdrop-invert: ; --tw-backdrop-opacity: ; --tw-backdrop-saturate: ; --tw-backdrop-sepia: ; font-family: arial, helvetica, sans-serif; font-size: 13px;\"><li style=\"--tw-border-spacing-x: 0; --tw-border-spacing-y: 0; --tw-translate-x: 0; --tw-translate-y: 0; --tw-rotate: 0; --tw-skew-x: 0; --tw-skew-y: 0; --tw-scale-x: 1; --tw-scale-y: 1; --tw-pan-x: ; --tw-pan-y: ; --tw-pinch-zoom: ; --tw-scroll-snap-strictness: proximity; --tw-ordinal: ; --tw-slashed-zero: ; --tw-numeric-figure: ; --tw-numeric-spacing: ; --tw-numeric-fraction: ; --tw-ring-inset: ; --tw-ring-offset-width: 0px; --tw-ring-offset-color: #fff; --tw-ring-color: rgb(59 130 246 / 0.5); --tw-ring-offset-shadow: 0 0 #0000; --tw-ring-shadow: 0 0 #0000; --tw-shadow: 0 0 #0000; --tw-shadow-colored: 0 0 #0000; --tw-blur: ; --tw-brightness: ; --tw-contrast: ; --tw-grayscale: ; --tw-hue-rotate: ; --tw-invert: ; --tw-saturate: ; --tw-sepia: ; --tw-drop-shadow: ; --tw-backdrop-blur: ; --tw-backdrop-brightness: ; --tw-backdrop-contrast: ; --tw-backdrop-grayscale: ; --tw-backdrop-hue-rotate: ; --tw-backdrop-invert: ; --tw-backdrop-opacity: ; --tw-backdrop-saturate: ; --tw-backdrop-sepia: ;\"><p style=\"--tw-border-spacing-x: 0; --tw-border-spacing-y: 0; --tw-translate-x: 0; --tw-translate-y: 0; --tw-rotate: 0; --tw-skew-x: 0; --tw-skew-y: 0; --tw-scale-x: 1; --tw-scale-y: 1; --tw-pan-x: ; --tw-pan-y: ; --tw-pinch-zoom: ; --tw-scroll-snap-strictness: proximity; --tw-ordinal: ; --tw-slashed-zero: ; --tw-numeric-figure: ; --tw-numeric-spacing: ; --tw-numeric-fraction: ; --tw-ring-inset: ; --tw-ring-offset-width: 0px; --tw-ring-offset-color: #fff; --tw-ring-color: rgb(59 130 246 / 0.5); --tw-ring-offset-shadow: 0 0 #0000; --tw-ring-shadow: 0 0 #0000; --tw-shadow: 0 0 #0000; --tw-shadow-colored: 0 0 #0000; --tw-blur: ; --tw-brightness: ; --tw-contrast: ; --tw-grayscale: ; --tw-hue-rotate: ; --tw-invert: ; --tw-saturate: ; --tw-sepia: ; --tw-drop-shadow: ; --tw-backdrop-blur: ; --tw-backdrop-brightness: ; --tw-backdrop-contrast: ; --tw-backdrop-grayscale: ; --tw-backdrop-hue-rotate: ; --tw-backdrop-invert: ; --tw-backdrop-opacity: ; --tw-backdrop-saturate: ; --tw-backdrop-sepia: ;\"><span style=\"font-weight: 600; --tw-border-spacing-x: 0; --tw-border-spacing-y: 0; --tw-translate-x: 0; --tw-translate-y: 0; --tw-rotate: 0; --tw-skew-x: 0; --tw-skew-y: 0; --tw-scale-x: 1; --tw-scale-y: 1; --tw-pan-x: ; --tw-pan-y: ; --tw-pinch-zoom: ; --tw-scroll-snap-strictness: proximity; --tw-ordinal: ; --tw-slashed-zero: ; --tw-numeric-figure: ; --tw-numeric-spacing: ; --tw-numeric-fraction: ; --tw-ring-inset: ; --tw-ring-offset-width: 0px; --tw-ring-offset-color: #fff; --tw-ring-color: rgb(59 130 246 / 0.5); --tw-ring-offset-shadow: 0 0 #0000; --tw-ring-shadow: 0 0 #0000; --tw-shadow: 0 0 #0000; --tw-shadow-colored: 0 0 #0000; --tw-blur: ; --tw-brightness: ; --tw-contrast: ; --tw-grayscale: ; --tw-hue-rotate: ; --tw-invert: ; --tw-saturate: ; --tw-sepia: ; --tw-drop-shadow: ; --tw-backdrop-blur: ; --tw-backdrop-brightness: ; --tw-backdrop-contrast: ; --tw-backdrop-grayscale: ; --tw-backdrop-hue-rotate: ; --tw-backdrop-invert: ; --tw-backdrop-opacity: ; --tw-backdrop-saturate: ; --tw-backdrop-sepia: ;\">Men Vi Sinh Lô Hội:</span>&nbsp;gồm có lợi khuẩn lactobacillus, Nước Lô Hội hoạt tính và chiết xuất bột Lô Hội hữu cơ có nguồn gốc &amp; chứng nhận an toàn, chính những thành phần giàu chất dinh dưỡng độc quyền này sẽ cung cấp độ ẩm sâu bên trong da. Một trong những lợi ích của quá trình lên men chính là phá vỡ các phân tử lớn thành các phân tử có kích thước nhỏ hơn để hấp thụ vào da tốt hơn.</p></li><li style=\"--tw-border-spacing-x: 0; --tw-border-spacing-y: 0; --tw-translate-x: 0; --tw-translate-y: 0; --tw-rotate: 0; --tw-skew-x: 0; --tw-skew-y: 0; --tw-scale-x: 1; --tw-scale-y: 1; --tw-pan-x: ; --tw-pan-y: ; --tw-pinch-zoom: ; --tw-scroll-snap-strictness: proximity; --tw-ordinal: ; --tw-slashed-zero: ; --tw-numeric-figure: ; --tw-numeric-spacing: ; --tw-numeric-fraction: ; --tw-ring-inset: ; --tw-ring-offset-width: 0px; --tw-ring-offset-color: #fff; --tw-ring-color: rgb(59 130 246 / 0.5); --tw-ring-offset-shadow: 0 0 #0000; --tw-ring-shadow: 0 0 #0000; --tw-shadow: 0 0 #0000; --tw-shadow-colored: 0 0 #0000; --tw-blur: ; --tw-brightness: ; --tw-contrast: ; --tw-grayscale: ; --tw-hue-rotate: ; --tw-invert: ; --tw-saturate: ; --tw-sepia: ; --tw-drop-shadow: ; --tw-backdrop-blur: ; --tw-backdrop-brightness: ; --tw-backdrop-contrast: ; --tw-backdrop-grayscale: ; --tw-backdrop-hue-rotate: ; --tw-backdrop-invert: ; --tw-backdrop-opacity: ; --tw-backdrop-saturate: ; --tw-backdrop-sepia: ;\"><p style=\"--tw-border-spacing-x: 0; --tw-border-spacing-y: 0; --tw-translate-x: 0; --tw-translate-y: 0; --tw-rotate: 0; --tw-skew-x: 0; --tw-skew-y: 0; --tw-scale-x: 1; --tw-scale-y: 1; --tw-pan-x: ; --tw-pan-y: ; --tw-pinch-zoom: ; --tw-scroll-snap-strictness: proximity; --tw-ordinal: ; --tw-slashed-zero: ; --tw-numeric-figure: ; --tw-numeric-spacing: ; --tw-numeric-fraction: ; --tw-ring-inset: ; --tw-ring-offset-width: 0px; --tw-ring-offset-color: #fff; --tw-ring-color: rgb(59 130 246 / 0.5); --tw-ring-offset-shadow: 0 0 #0000; --tw-ring-shadow: 0 0 #0000; --tw-shadow: 0 0 #0000; --tw-shadow-colored: 0 0 #0000; --tw-blur: ; --tw-brightness: ; --tw-contrast: ; --tw-grayscale: ; --tw-hue-rotate: ; --tw-invert: ; --tw-saturate: ; --tw-sepia: ; --tw-drop-shadow: ; --tw-backdrop-blur: ; --tw-backdrop-brightness: ; --tw-backdrop-contrast: ; --tw-backdrop-grayscale: ; --tw-backdrop-hue-rotate: ; --tw-backdrop-invert: ; --tw-backdrop-opacity: ; --tw-backdrop-saturate: ; --tw-backdrop-sepia: ;\"><span style=\"font-weight: 600; --tw-border-spacing-x: 0; --tw-border-spacing-y: 0; --tw-translate-x: 0; --tw-translate-y: 0; --tw-rotate: 0; --tw-skew-x: 0; --tw-skew-y: 0; --tw-scale-x: 1; --tw-scale-y: 1; --tw-pan-x: ; --tw-pan-y: ; --tw-pinch-zoom: ; --tw-scroll-snap-strictness: proximity; --tw-ordinal: ; --tw-slashed-zero: ; --tw-numeric-figure: ; --tw-numeric-spacing: ; --tw-numeric-fraction: ; --tw-ring-inset: ; --tw-ring-offset-width: 0px; --tw-ring-offset-color: #fff; --tw-ring-color: rgb(59 130 246 / 0.5); --tw-ring-offset-shadow: 0 0 #0000; --tw-ring-shadow: 0 0 #0000; --tw-shadow: 0 0 #0000; --tw-shadow-colored: 0 0 #0000; --tw-blur: ; --tw-brightness: ; --tw-contrast: ; --tw-grayscale: ; --tw-hue-rotate: ; --tw-invert: ; --tw-saturate: ; --tw-sepia: ; --tw-drop-shadow: ; --tw-backdrop-blur: ; --tw-backdrop-brightness: ; --tw-backdrop-contrast: ; --tw-backdrop-grayscale: ; --tw-backdrop-hue-rotate: ; --tw-backdrop-invert: ; --tw-backdrop-opacity: ; --tw-backdrop-saturate: ; --tw-backdrop-sepia: ;\">Hyaluronic Acid:</span>&nbsp;Thành phần liên kết độ ẩm này sở hữu khả năng tuyệt đỉnh nhất chính là giữ được lượng nước nặng gấp 1000 lần trọng lượng, tạo nên một nguồn ẩm dùng để dưỡng ẩm vô cùng hiệu quả. Công thức này bao gồm 2 trọng lượng phân tử khác nhau có trong Axit Hyaluronic.</p></li><li style=\"--tw-border-spacing-x: 0; --tw-border-spacing-y: 0; --tw-translate-x: 0; --tw-translate-y: 0; --tw-rotate: 0; --tw-skew-x: 0; --tw-skew-y: 0; --tw-scale-x: 1; --tw-scale-y: 1; --tw-pan-x: ; --tw-pan-y: ; --tw-pinch-zoom: ; --tw-scroll-snap-strictness: proximity; --tw-ordinal: ; --tw-slashed-zero: ; --tw-numeric-figure: ; --tw-numeric-spacing: ; --tw-numeric-fraction: ; --tw-ring-inset: ; --tw-ring-offset-width: 0px; --tw-ring-offset-color: #fff; --tw-ring-color: rgb(59 130 246 / 0.5); --tw-ring-offset-shadow: 0 0 #0000; --tw-ring-shadow: 0 0 #0000; --tw-shadow: 0 0 #0000; --tw-shadow-colored: 0 0 #0000; --tw-blur: ; --tw-brightness: ; --tw-contrast: ; --tw-grayscale: ; --tw-hue-rotate: ; --tw-invert: ; --tw-saturate: ; --tw-sepia: ; --tw-drop-shadow: ; --tw-backdrop-blur: ; --tw-backdrop-brightness: ; --tw-backdrop-contrast: ; --tw-backdrop-grayscale: ; --tw-backdrop-hue-rotate: ; --tw-backdrop-invert: ; --tw-backdrop-opacity: ; --tw-backdrop-saturate: ; --tw-backdrop-sepia: ;\"><p style=\"--tw-border-spacing-x: 0; --tw-border-spacing-y: 0; --tw-translate-x: 0; --tw-translate-y: 0; --tw-rotate: 0; --tw-skew-x: 0; --tw-skew-y: 0; --tw-scale-x: 1; --tw-scale-y: 1; --tw-pan-x: ; --tw-pan-y: ; --tw-pinch-zoom: ; --tw-scroll-snap-strictness: proximity; --tw-ordinal: ; --tw-slashed-zero: ; --tw-numeric-figure: ; --tw-numeric-spacing: ; --tw-numeric-fraction: ; --tw-ring-inset: ; --tw-ring-offset-width: 0px; --tw-ring-offset-color: #fff; --tw-ring-color: rgb(59 130 246 / 0.5); --tw-ring-offset-shadow: 0 0 #0000; --tw-ring-shadow: 0 0 #0000; --tw-shadow: 0 0 #0000; --tw-shadow-colored: 0 0 #0000; --tw-blur: ; --tw-brightness: ; --tw-contrast: ; --tw-grayscale: ; --tw-hue-rotate: ; --tw-invert: ; --tw-saturate: ; --tw-sepia: ; --tw-drop-shadow: ; --tw-backdrop-blur: ; --tw-backdrop-brightness: ; --tw-backdrop-contrast: ; --tw-backdrop-grayscale: ; --tw-backdrop-hue-rotate: ; --tw-backdrop-invert: ; --tw-backdrop-opacity: ; --tw-backdrop-saturate: ; --tw-backdrop-sepia: ;\"><span style=\"font-weight: 600; --tw-border-spacing-x: 0; --tw-border-spacing-y: 0; --tw-translate-x: 0; --tw-translate-y: 0; --tw-rotate: 0; --tw-skew-x: 0; --tw-skew-y: 0; --tw-scale-x: 1; --tw-scale-y: 1; --tw-pan-x: ; --tw-pan-y: ; --tw-pinch-zoom: ; --tw-scroll-snap-strictness: proximity; --tw-ordinal: ; --tw-slashed-zero: ; --tw-numeric-figure: ; --tw-numeric-spacing: ; --tw-numeric-fraction: ; --tw-ring-inset: ; --tw-ring-offset-width: 0px; --tw-ring-offset-color: #fff; --tw-ring-color: rgb(59 130 246 / 0.5); --tw-ring-offset-shadow: 0 0 #0000; --tw-ring-shadow: 0 0 #0000; --tw-shadow: 0 0 #0000; --tw-shadow-colored: 0 0 #0000; --tw-blur: ; --tw-brightness: ; --tw-contrast: ; --tw-grayscale: ; --tw-hue-rotate: ; --tw-invert: ; --tw-saturate: ; --tw-sepia: ; --tw-drop-shadow: ; --tw-backdrop-blur: ; --tw-backdrop-brightness: ; --tw-backdrop-contrast: ; --tw-backdrop-grayscale: ; --tw-backdrop-hue-rotate: ; --tw-backdrop-invert: ; --tw-backdrop-opacity: ; --tw-backdrop-saturate: ; --tw-backdrop-sepia: ;\">Nước lô hội hoạt tính:</span>&nbsp;Nước tinh khiết đi cùng với chiết xuất lá lô hội, được hòa quyện chung dưới áp lực tăng áp cao để giữ cho các ion âm dương hoạt động, giúp da hấp thụ độ ẩm dễ dàng hơn.</p></li><li style=\"--tw-border-spacing-x: 0; --tw-border-spacing-y: 0; --tw-translate-x: 0; --tw-translate-y: 0; --tw-rotate: 0; --tw-skew-x: 0; --tw-skew-y: 0; --tw-scale-x: 1; --tw-scale-y: 1; --tw-pan-x: ; --tw-pan-y: ; --tw-pinch-zoom: ; --tw-scroll-snap-strictness: proximity; --tw-ordinal: ; --tw-slashed-zero: ; --tw-numeric-figure: ; --tw-numeric-spacing: ; --tw-numeric-fraction: ; --tw-ring-inset: ; --tw-ring-offset-width: 0px; --tw-ring-offset-color: #fff; --tw-ring-color: rgb(59 130 246 / 0.5); --tw-ring-offset-shadow: 0 0 #0000; --tw-ring-shadow: 0 0 #0000; --tw-shadow: 0 0 #0000; --tw-shadow-colored: 0 0 #0000; --tw-blur: ; --tw-brightness: ; --tw-contrast: ; --tw-grayscale: ; --tw-hue-rotate: ; --tw-invert: ; --tw-saturate: ; --tw-sepia: ; --tw-drop-shadow: ; --tw-backdrop-blur: ; --tw-backdrop-brightness: ; --tw-backdrop-contrast: ; --tw-backdrop-grayscale: ; --tw-backdrop-hue-rotate: ; --tw-backdrop-invert: ; --tw-backdrop-opacity: ; --tw-backdrop-saturate: ; --tw-backdrop-sepia: ;\"><p style=\"--tw-border-spacing-x: 0; --tw-border-spacing-y: 0; --tw-translate-x: 0; --tw-translate-y: 0; --tw-rotate: 0; --tw-skew-x: 0; --tw-skew-y: 0; --tw-scale-x: 1; --tw-scale-y: 1; --tw-pan-x: ; --tw-pan-y: ; --tw-pinch-zoom: ; --tw-scroll-snap-strictness: proximity; --tw-ordinal: ; --tw-slashed-zero: ; --tw-numeric-figure: ; --tw-numeric-spacing: ; --tw-numeric-fraction: ; --tw-ring-inset: ; --tw-ring-offset-width: 0px; --tw-ring-offset-color: #fff; --tw-ring-color: rgb(59 130 246 / 0.5); --tw-ring-offset-shadow: 0 0 #0000; --tw-ring-shadow: 0 0 #0000; --tw-shadow: 0 0 #0000; --tw-shadow-colored: 0 0 #0000; --tw-blur: ; --tw-brightness: ; --tw-contrast: ; --tw-grayscale: ; --tw-hue-rotate: ; --tw-invert: ; --tw-saturate: ; --tw-sepia: ; --tw-drop-shadow: ; --tw-backdrop-blur: ; --tw-backdrop-brightness: ; --tw-backdrop-contrast: ; --tw-backdrop-grayscale: ; --tw-backdrop-hue-rotate: ; --tw-backdrop-invert: ; --tw-backdrop-opacity: ; --tw-backdrop-saturate: ; --tw-backdrop-sepia: ;\"><span style=\"font-weight: 600; --tw-border-spacing-x: 0; --tw-border-spacing-y: 0; --tw-translate-x: 0; --tw-translate-y: 0; --tw-rotate: 0; --tw-skew-x: 0; --tw-skew-y: 0; --tw-scale-x: 1; --tw-scale-y: 1; --tw-pan-x: ; --tw-pan-y: ; --tw-pinch-zoom: ; --tw-scroll-snap-strictness: proximity; --tw-ordinal: ; --tw-slashed-zero: ; --tw-numeric-figure: ; --tw-numeric-spacing: ; --tw-numeric-fraction: ; --tw-ring-inset: ; --tw-ring-offset-width: 0px; --tw-ring-offset-color: #fff; --tw-ring-color: rgb(59 130 246 / 0.5); --tw-ring-offset-shadow: 0 0 #0000; --tw-ring-shadow: 0 0 #0000; --tw-shadow: 0 0 #0000; --tw-shadow-colored: 0 0 #0000; --tw-blur: ; --tw-brightness: ; --tw-contrast: ; --tw-grayscale: ; --tw-hue-rotate: ; --tw-invert: ; --tw-saturate: ; --tw-sepia: ; --tw-drop-shadow: ; --tw-backdrop-blur: ; --tw-backdrop-brightness: ; --tw-backdrop-contrast: ; --tw-backdrop-grayscale: ; --tw-backdrop-hue-rotate: ; --tw-backdrop-invert: ; --tw-backdrop-opacity: ; --tw-backdrop-saturate: ; --tw-backdrop-sepia: ;\">Hỗn hợp vitamin C &amp; E:</span>&nbsp;giúp chống oxy hoá, bảo vệ làn da khỏi các tác nhân gây hại và chống lại tình trạng mất nước hàng ngày.</p></li></ul>','product/avatar/bongtai16775115454461703128192772.png',44,'2023-12-21 10:09:53',NULL,NULL,NULL,NULL,NULL,0),(167,'Tẩy da chết đường đen dịu nhẹ, làm sạch mụn đầu đen Klairs Gentle Green Sugar Facial Polish 110g',250000.00,20000.00,'Sản phẩm phù hợp cho mọi loại da, đặc biệt là da khô / da có mụn đầu đen vùng mũi.','<ul style=\"padding: 0px; margin-right: 0px; margin-bottom: 0px; margin-left: 0px; color: rgb(51, 51, 51); list-style-type: none; font-family: Quicksand, sans-serif;\"><li style=\"margin: 0px; padding: 0px;\">Giúp loại bỏ tế bào chết hiệu quả, mang lại làn da mềm mại hơn.</li><li style=\"margin: 0px; padding: 0px;\">Giảm thiểu bít tắc lỗ chân lông, hỗ trợ cải thiện mụn đầu đen vùng mũi.</li><li style=\"margin: 0px; padding: 0px;\">Giúp lớp make-up “ăn phấn” hơn, giảm hiện tượng cakey.</li><li style=\"margin: 0px; padding: 0px;\">Thúc đẩy da tái tạo và sản sinh tế bào mới, duy trì làn da tươi trẻ và khỏe mạnh.</li><li style=\"margin: 0px; padding: 0px;\">Dưỡng ẩm, làm mềm da, giúp da không bị khô căng bong tróc sau khi sử dụng.</li></ul>','product/avatar/kemduongtaydachet16740571853191703128362139.png',44,'2023-12-21 10:12:42',NULL,NULL,NULL,NULL,NULL,0),(168,'Tinh chất dưỡng ẩm Skinceuticals Hydrating B5 30ml',2000000.00,1500000.00,'Thúc đẩy sự phục hồi da sau tổn thương do mụn, sau điều trị nặn mụn, kháng viêm, chữa da sau kích ứng.','<p><span style=\"color: rgb(51, 51, 51); font-family: Quicksand, sans-serif;\">Serum dưỡng ẩm da lí tưởng hàng ngày mà không hề gây nhờn hay bít tắc lỗ chân lông nhờ công thức serum dạng gel đặc biệt không chứa dầu. Với thành phần có axit hyaluronic - chất dưỡng và khóa ẩm tự nhiên cùng vitamin B5, sản phẩm giúp cấp nước, khóa ẩm và nuôi dưỡng da cực kì hiệu quả. Da bạn sẽ luôn căng mọng, mướt mịn, hồng hào cả trong những ngày thời tiết khô hanh nhất.</span><br></p>','product/avatar/item116735320727441703128487706.png',44,'2023-12-21 10:14:48',NULL,NULL,NULL,NULL,NULL,0),(169,'Sữa dưỡng thể Bath & Body Work Dark Kiss',290000.00,270000.00,'Làn da mượt mà, trắng hồng nhờ Vitamin C','<ul style=\"padding: 0px; margin-right: 0px; margin-bottom: 0px; margin-left: 0px; color: rgb(51, 51, 51); list-style-type: none; font-family: Quicksand, sans-serif;\"><li style=\"margin: 0px; padding: 0px;\">Giúp duy trì làn da mềm mại tươi trẻ, mà còn ở các loại mùi hương đa dạng và đầy sức hút của bản thân sản phẩm</li></ul>','product/avatar/suaduong1703128545629.png',44,'2023-12-21 10:15:46',NULL,NULL,NULL,NULL,NULL,0),(170,'Kem dưỡng trắng da ban đêm Senka',123000.00,120000.00,'Kem dưỡng trắng da ban đêm Senka được thiết kế bao bì rất nhẹ nhàng với gam màu hồng pastel mang đậm chất màu hoa anh đào của Nhật Bản. Hũ đựng của sản phẩm gọn nhẹ với loại hũ nhựa nhám 50g, được in nổi thương hiệu và thông tin màu trắng trên hũ đựng màu hồng nhạt trông rất trẻ trung.','<p><span style=\"color: rgb(51, 51, 51); font-family: OpenSans-Regular, Arial, sans-serif; font-size: 16px; text-align: justify;\">Kem dưỡng trắng da ban đêm Senka được</span><b style=\"margin: 0px; padding: 0px; color: rgb(51, 51, 51); font-family: OpenSans-Regular, Arial, sans-serif; font-size: 16px; text-align: justify;\">&nbsp;thiết kế bao bì rất nhẹ nhàng với gam màu hồng pastel mang đậm chất màu hoa anh đào của Nhật Bản.</b><span style=\"color: rgb(51, 51, 51); font-family: OpenSans-Regular, Arial, sans-serif; font-size: 16px; text-align: justify;\">&nbsp;</span><b style=\"margin: 0px; padding: 0px; color: rgb(51, 51, 51); font-family: OpenSans-Regular, Arial, sans-serif; font-size: 16px; text-align: justify;\">Hũ đựng của sản phẩm gọn nhẹ với loại hũ nhựa nhám 50g</b><span style=\"color: rgb(51, 51, 51); font-family: OpenSans-Regular, Arial, sans-serif; font-size: 16px; text-align: justify;\">, được in nổi thương hiệu và thông tin màu trắng trên hũ đựng màu hồng nhạt trông rất trẻ trung.</span><br></p>','product/avatar/kemduongsenka1704335553017.jpg',44,NULL,NULL,NULL,NULL,NULL,NULL,0),(172,'Muối biển tinh khiết 500g',70000.00,25000.00,'Công dụng: Dùng để nấu ăn hoặc súc rửa đường tiêu hóa (salt water - cleanse) hoặc pha nước rửa rau củ,…','<ul style=\"padding: 0px; margin-right: 0px; margin-bottom: 0px; margin-left: 0px; color: rgb(51, 51, 51); list-style-type: none; font-family: Quicksand, sans-serif;\"><li style=\"margin: 0px; padding: 0px;\">Thành phần: 100% muối biển nguyên chất, giàu khoáng chất tự nhiên; không tẩy trắng, không tinh chế, không bổ sung iot.</li></ul>','product/avatar/muoibien16740577527611703129603192.png',44,'2023-12-21 10:33:23',NULL,NULL,NULL,NULL,NULL,0),(173,'Kem dưỡng trắng da Body Cream',650000.00,440000.00,'Độ makeup nhẹ rất tự nhiên\r\nChất kem mềm mịn,mát lạnh','<ul style=\"padding: 0px; margin-right: 0px; margin-bottom: 0px; margin-left: 0px; color: rgb(51, 51, 51); list-style-type: none; font-family: Quicksand, sans-serif;\"><li style=\"margin: 0px; padding: 0px;\">Sản phẩm chiết xuất hoàn toàn tự nhiên với các thành phần dưỡng trắng hiệu quả như:VITAMIN B3,VITAMIN C,đặc biệt là ALPHA ARBUTIN thành phần dưỡng trắng hiệu quả và tốt nhất hiện nay.</li><li style=\"margin: 0px; padding: 0px;\">Sản phẩm sử dụng hàng ngày nhằm cung cấp và bổ sung các dưỡng chất cần thiết giúp da luôn mềm mịn tự nhiên.</li></ul>','product/avatar/kemduong16734497024291703129670593.png',44,'2023-12-21 10:34:31',NULL,NULL,NULL,NULL,NULL,0),(174,'Sữa Rửa Mặt Chiết Xuất Ý Dĩ Làm Hỗ Trợ Sáng Da Reihaku Hatomugi 170Gr',100000.00,50000.00,'Sữa Rửa Mặt Chiết Xuất Ý Dĩ Làm Hỗ Trợ Sáng Da Reihaku Hatomugi 170Gr\r\n','<div class=\"title-bl\" style=\"font-family: Quicksand, sans-serif; margin: 0px; padding: 0px; text-align: center; color: rgb(39, 39, 39);\"><br></div><div class=\"description-content\" style=\"font-family: Quicksand, sans-serif; margin: 0px; padding: 0px; color: rgb(39, 39, 39);\"><div class=\"description-productdetail\" style=\"margin: 0px; padding: 0px;\"><div style=\"margin: 0px; padding: 0px;\">Sữa Rửa Mặt Chiết Xuất Ý Dĩ Làm Sáng Da Reihaku Hatomugi 170Gr</div><div style=\"margin: 0px; padding: 0px;\"><div style=\"margin: 0px; padding: 0px;\">Sữa Rửa Mặt Hatomugi Chiết Xuất Ý Dĩ Làm Sáng Da&nbsp;là sữa rửa mặt đến từ&nbsp;Nhật Bản, chiết xuất từ ý dĩ tăng cường khả năng làm sạch da, hỗ trợ làm chậm quá trình oxy hóa, ngăn ngừa lão hóa, hỗ trợ làm sáng và đều màu da</div><div style=\"margin: 0px; padding: 0px;\"><div style=\"margin: 0px; padding: 0px;\">Sản phẩm phù hợp với mọi loại da</div><div style=\"margin: 0px; padding: 0px;\">Giải pháp tình trạng:&nbsp;Da&nbsp;xỉn màu &amp; thâm sạm.&nbsp;Da có dấu hiệu lão hóa, nếp nhăn</div></div></div></div></div>','product/avatar/srm31703130297886.webp',46,'2023-12-21 10:44:58',NULL,NULL,NULL,NULL,NULL,0),(175,'Kem Chống Nắng Kiểm Soát Nhờn Không Màu La Roche-Posay Anthelios Xl Spf50+ Uvb & Uva 50Ml',870000.00,800000.00,'Kem Chống Nắng Kiểm Soát Nhờn Không Màu La Roche-Posay Anthelios XL SPF50+ UVB & UVA 50Ml','<div style=\"font-family: Quicksand, sans-serif; margin: 0px; padding: 0px; color: rgb(39, 39, 39);\"><span style=\"margin: 0px; padding: 0px; font-weight: 700;\">Kem Chống Nắng Kiểm Soát Nhờn Không Màu La Roche-Posay Anthelios XL SPF50+ UVB &amp; UVA 50Ml</span></div><div style=\"font-family: Quicksand, sans-serif; margin: 0px; padding: 0px; color: rgb(39, 39, 39);\">&nbsp;</div><div style=\"font-family: Quicksand, sans-serif; margin: 0px; padding: 0px; color: rgb(39, 39, 39);\">Sản phẩm&nbsp;<span style=\"margin: 0px; padding: 0px; font-weight: 700;\"><a target=\"_blank\" href=\"https://www.guardian.com.vn/collections/vendors?q=la-roche-posay\" style=\"font-family: Quicksand, sans-serif; margin: 0px; padding: 0px; color: rgb(7, 130, 193); text-decoration: none; outline: none; transition: opacity 150ms linear 0s, color 150ms linear 0s, background 150ms linear 0s;\"><span style=\"margin: 0px; padding: 0px; color: rgb(41, 128, 185);\">La Roche-Posay</span></a></span>&nbsp;Anthelios XL Dry Touch Gel-Cream SPF 50+ UVB &amp; UVA là&nbsp;<a target=\"kemchngnng\" href=\"https://www.guardian.com.vn/search?type=product&amp;q=filter=((title%3Aproduct%20contains%20kem%20ch%E1%BB%91ng%20n%E1%BA%AFng%20)%7C%7C(sku%3Aproduct%20contains%20kem%20ch%E1%BB%91ng%20n%E1%BA%AFng%20))\" style=\"font-family: Quicksand, sans-serif; margin: 0px; padding: 0px; color: rgb(7, 130, 193); text-decoration: none; outline: none; transition: opacity 150ms linear 0s, color 150ms linear 0s, background 150ms linear 0s;\">kem chống nắng</a>&nbsp;dành cho da dầu giúp kiểm soát bóng nhờn và bảo vệ da trước tác hại từ ánh nắng &amp; ô nhiễm, ngăn chặn các tác nhân gây lão hóa sớm. Sản phẩm có công thức chống thấm nước thích hợp dùng hàng ngày và cả những hoạt động ngoài trời, để bạn luôn tự tin tỏa sáng<br><div style=\"margin: 0px; padding: 0px; color: rgb(39, 39, 39);\"><ul style=\"margin-right: 0px; margin-bottom: 10px; margin-left: 0px; padding: 0px 0px 0px 20px; list-style: inherit;\"><li style=\"margin: 0px; padding: 0px;\">Sản phẩm phù hợp cho da dầu, da mụn, da nhạy cảm</li><li style=\"margin: 0px; padding: 0px;\">Thích hợp sử dụng cho da mặt và cổ</li><li style=\"margin: 0px; padding: 0px;\">Không chứa hương liệu, không paraben, không gây bết dính, không để lại vệt trắng, lâu trôi khi sử dụng dưới nước và không gây mụn trứng cá</li><li style=\"margin: 0px; padding: 0px;\">Tuyệt đối an toàn với da, đặc biệt là da nhạy cảm</li><li style=\"margin: 0px; padding: 0px;\">Kết cấu dạng kem gel, thẩm thấu , mang lại cảm giác khô thoáng, không để lại vệt trắng</li></ul></div><ul style=\"margin-right: 0px; margin-bottom: 10px; margin-left: 0px; padding: 0px 0px 0px 20px; list-style: inherit; color: rgb(39, 39, 39);\"><li style=\"margin: 0px; padding: 0px;\">Kiểm soát bã nhờn &amp; mồ hôi giúp mang đến một cảm giác “sạch” cho làn da đến 9h</li><li style=\"margin: 0px; padding: 0px;\">Bảo vệ da trước những tác hại từ ánh nắng &amp; ô nhiễm: lão hóa sớm, đốm nâu, kích ứng ánh nắng</li><li style=\"margin: 0px; padding: 0px;\">Độ chống nắng cao nhất SPF 50+ bảo vệ da tối ưu dưới ánh nắng</li><li style=\"margin: 0px; padding: 0px;\">Chống nắng phổ rộng với nhiều màng lọc tia UV bảo vệ da trước ngay cả tia UVA dài</li></ul></div>','product/avatar/kcn1703175010935.webp',44,'2023-12-21 23:10:11',NULL,NULL,NULL,NULL,NULL,0),(176,'Kem dưỡng trắng da ban đêm Senka',123000.00,120000.00,'Kem dưỡng trắng da ban đêm Senka được thiết kế bao bì rất nhẹ nhàng với gam màu hồng pastel mang đậm chất màu hoa anh đào của Nhật Bản. Hũ đựng của sản phẩm gọn nhẹ với loại hũ nhựa nhám 50g, được in nổi thương hiệu và thông tin màu trắng trên hũ đựng màu hồng nhạt trông rất trẻ trung.','<p><span style=\"color: rgb(51, 51, 51); font-family: OpenSans-Regular, Arial, sans-serif; font-size: 16px; text-align: justify;\">Kem dưỡng trắng da ban đêm Senka được</span><b style=\"margin: 0px; padding: 0px; color: rgb(51, 51, 51); font-family: OpenSans-Regular, Arial, sans-serif; font-size: 16px; text-align: justify;\">&nbsp;thiết kế bao bì rất nhẹ nhàng với gam màu hồng pastel mang đậm chất màu hoa anh đào của Nhật Bản.</b><span style=\"color: rgb(51, 51, 51); font-family: OpenSans-Regular, Arial, sans-serif; font-size: 16px; text-align: justify;\">&nbsp;</span><b style=\"margin: 0px; padding: 0px; color: rgb(51, 51, 51); font-family: OpenSans-Regular, Arial, sans-serif; font-size: 16px; text-align: justify;\">Hũ đựng của sản phẩm gọn nhẹ với loại hũ nhựa nhám 50g</b><span style=\"color: rgb(51, 51, 51); font-family: OpenSans-Regular, Arial, sans-serif; font-size: 16px; text-align: justify;\">, được in nổi thương hiệu và thông tin màu trắng trên hũ đựng màu hồng nhạt trông rất trẻ trung.</span><br></p>','product/avatar/kemduongsenka1704335580259.jpg',44,NULL,NULL,NULL,NULL,NULL,NULL,0),(177,'MẶT NẠ PHỤC HỒI VÀ TÁI TẠO DA TỔN THƯƠNG – THE MAX MASQUE',1400000.00,1200000.00,'Mặt nạ cao cấp The Max Masque giúp cải thiện rõ rệt sự căng mịn, săn chắc, đàn hồi của da và phục hồi những làn da tổn thương, hư tổn do tác nhân bên ngoài môi trường gây ra. Với sức mạnh của các peptide chống nếp nhăn và chiết xuất từ ​​tế bào thực vật, công thức giàu độ ẩm giúp làm mịn và tái cấu trúc làn da.','<p><span style=\"color: rgb(119, 119, 119); font-family: Montserrat, Arial, Helvetica, sans-serif; font-size: 16px;\">Mặt nạ cao cấp&nbsp;</span><span style=\"margin: 0px; padding: 0px; border: 0px; vertical-align: baseline; font-variant-numeric: inherit; font-variant-east-asian: inherit; font-variant-alternates: inherit; font-variant-position: inherit; font-weight: 600; font-stretch: inherit; line-height: inherit; font-family: Montserrat, Arial, Helvetica, sans-serif; font-optical-sizing: inherit; font-kerning: inherit; font-feature-settings: inherit; font-variation-settings: inherit; font-size: 16px; color: rgb(119, 119, 119);\">The Max Masque</span><span style=\"color: rgb(119, 119, 119); font-family: Montserrat, Arial, Helvetica, sans-serif; font-size: 16px;\">&nbsp;giúp cải thiện rõ rệt sự căng mịn, săn chắc, đàn hồi của da và phục hồi những làn da tổn thương, hư tổn do tác nhân bên ngoài môi trường gây ra. Với sức mạnh của các peptide chống nếp nhăn và chiết xuất từ ​​tế bào thực vật, công thức giàu độ ẩm giúp làm mịn và tái cấu trúc làn da.</span><br></p>','product/avatar/matnaduongda1704335863997.jpg',45,NULL,NULL,NULL,NULL,NULL,NULL,0),(178,'MẶT NẠ SINH HỌC CHỐNG LÃO HOÁ DA – I MASK ANTI-AGING HYDROGEL SHEET MASK',200000.00,180000.00,'I Mask Anti-Aging Hydrogel Sheet Mask là mặt nạ miếng hydrogel 3-D chống oxy hóa mạnh mẽ để hỗ trợ mang lại làn da trẻ hóa, mịn màng. Nuôi dưỡng làn da, mang lại làn da sáng khỏe. Cải thiện tông màu da cùng với các thành phần dưỡng ẩm mang lại làn da rạng rỡ, căng mịn. Công nghệ hydrogel thúc đẩy phân phối nhanh chóng các thành phần vào sâu bên trong để tăng hiệu quả chống lão hóa tối ưu.\r\n\r\n','<p style=\"margin-bottom: 20px; padding: 0px; border: 0px; vertical-align: baseline; font-variant-numeric: inherit; font-variant-east-asian: inherit; font-variant-alternates: inherit; font-variant-position: inherit; font-stretch: inherit; line-height: inherit; font-family: Montserrat, Arial, Helvetica, sans-serif; font-optical-sizing: inherit; font-kerning: inherit; font-feature-settings: inherit; font-variation-settings: inherit; font-size: 16px; color: rgb(119, 119, 119);\"><span style=\"margin: 0px; padding: 0px; border: 0px; vertical-align: baseline; font-style: inherit; font-variant: inherit; font-weight: 600; font-stretch: inherit; line-height: inherit; font-family: inherit; font-optical-sizing: inherit; font-kerning: inherit; font-feature-settings: inherit; font-variation-settings: inherit;\">I Mask Anti-Aging Hydrogel Sheet Mask</span>&nbsp;là mặt nạ miếng hydrogel 3-D chống oxy hóa mạnh mẽ để hỗ trợ mang lại làn da trẻ hóa, mịn màng. Nuôi dưỡng làn da, mang lại làn da sáng khỏe. Cải thiện tông màu da cùng với các thành phần dưỡng ẩm mang lại làn da rạng rỡ, căng mịn. Công nghệ hydrogel thúc đẩy phân phối nhanh chóng các thành phần vào sâu bên trong để tăng hiệu quả chống lão hóa tối ưu.</p><div><br></div>','product/avatar/matnaphuchoi1704336588653.jpg',45,'2024-01-04 09:49:49',NULL,NULL,NULL,NULL,NULL,0),(179,'Gel Rửa Mặt Cosrx Tràm Trà',150000.00,120000.00,'Gel Rửa Mặt Cosrx Tràm Trà, 0.5% BHA Có Độ pH Thấp là dòng sữa rửa mặt đến từ thương hiệu mỹ phẩm Cosrx của Hàn Quốc, với độ pH lý tưởng 4.5 - 5.5 sản phẩm an toàn và dịu nhẹ trên mọi làn da ngay cả làn da nhạy cảm và da mụn. Gel rửa mặt chứa 0,5% BHA tự nhiên và chiết xuất tràm trà làm sạch sâu lỗ chân lông, hỗ trợ kháng khuẩn, làm sạch mụn đồng thời tẩy da chết nhẹ nhàng.','<p><strong style=\"font-family: arial, helvetica, sans-serif; font-size: 13px;\">Gel Rửa Mặt Cosrx Tràm Trà, 0.5% BHA Có Độ pH Thấp&nbsp;</strong><span style=\"font-family: arial, helvetica, sans-serif; font-size: 13px;\">là dòng&nbsp;</span><a href=\"https://hasaki.vn/danh-muc/sua-rua-mat-c19.html\" target=\"_blank\" style=\"background-color: rgb(255, 255, 255); text-decoration: none; outline: 0px; font-weight: bold; font-family: arial, helvetica, sans-serif; font-size: 13px; color: rgb(0, 100, 0) !important;\">sữa rửa mặt</a><span style=\"font-family: arial, helvetica, sans-serif; font-size: 13px;\">&nbsp;đến từ&nbsp;</span><a href=\"https://hasaki.vn/thuong-hieu/cosrx.html\" target=\"_blank\" style=\"background-color: rgb(255, 255, 255); text-decoration: none; outline: 0px; font-weight: bold; font-family: arial, helvetica, sans-serif; font-size: 13px; color: rgb(0, 100, 0) !important;\">thương hiệu mỹ phẩm Cosrx</a><span style=\"font-family: arial, helvetica, sans-serif; font-size: 13px;\">&nbsp;của Hàn Quốc, với độ pH lý tưởng 4.5 - 5.5 sản phẩm an toàn và dịu nhẹ trên mọi làn da ngay cả làn da nhạy cảm và da mụn. Gel rửa mặt chứa</span><strong style=\"font-family: arial, helvetica, sans-serif; font-size: 13px;\">&nbsp;0,5% BHA tự nhiên</strong><span style=\"font-family: arial, helvetica, sans-serif; font-size: 13px;\">&nbsp;và chiết xuất</span><strong style=\"font-family: arial, helvetica, sans-serif; font-size: 13px;\">&nbsp;tràm trà</strong><span style=\"font-family: arial, helvetica, sans-serif; font-size: 13px;\">&nbsp;làm sạch sâu lỗ chân lông, hỗ trợ kháng khuẩn, làm sạch mụn đồng thời tẩy da chết nhẹ nhàng.</span><br></p>','product/avatar/corsx1705787165161.jpg',46,'2024-01-21 04:46:05',NULL,NULL,NULL,NULL,NULL,0),(180,'Mặt nạ ngủ phục hồi GiGi City Nap Urban Sleeping Mask 50ml (R)',270000.00,250000.00,'','<p><i style=\"color: rgb(33, 37, 41); font-family: Roboto, sans-serif; background-color: rgb(236, 236, 236);\"><span style=\"font-weight: bolder;\">Mặt nạ ngủ phục hồi GiGi City Nap Urban Sleeping Mask</span></i><span style=\"color: rgb(33, 37, 41); font-family: Roboto, sans-serif; background-color: rgb(236, 236, 236);\">&nbsp;giúp loại bỏ độc tố khỏi da, làm mềm và dưỡng ẩm sâu. Nó trung hòa các tác động của căng thẳng vào ban ngày. Giúp da phục hồi và tái sinh mạnh mẽ sau 1 đêm.</span><br></p>','product/avatar/matnada1706651698527.jpg',45,NULL,NULL,NULL,NULL,NULL,NULL,0),(181,'Tẩy Da Chết Rosette Gommage Moist Peeling Gel Dành Cho Da Khô',90000.00,100000.00,'','<p style=\"margin-bottom: 1rem; font-family: BeVietnamPro, sans-serif; font-size: 16px; text-align: justify;\">Rosette là thương hiệu mỹ phẩm nội địa đình đám của Nhật Bản. Với lịch sử gần 100 năm hình thành và phát triển, Rosette được hàng triệu phụ nữ trên khắp thế giới tin dùng bởi những dòng sản phẩm đem lại làn da trẻ đẹp, mịn màng. Các sản phẩm đến từ thương hiệu này luôn giữ vững được vị thế hàng đầu tại @Cosme Nhật Bản và doanh số vẫn luôn ở con số đáng ngưỡng mộ.</p><p style=\"margin-bottom: 1rem; font-family: BeVietnamPro, sans-serif; font-size: 16px; text-align: justify;\">Một trong những sản phẩm nổi bật của Rosette là ​​<span style=\"font-weight: bolder; font-family: inherit !important;\">Tẩy Da Chết Rosette.&nbsp;</span>Với thành phần chiết xuất từ các loại axit trái cây, sản phẩm này được mệnh danh là “tẩy da chết quốc dân” vì tính chất phù hợp với mọi loại da.</p><div><br></div>','product/avatar/taydachet1706652241460.jpeg',45,'2024-01-31 05:04:01',NULL,NULL,NULL,NULL,NULL,0);
/*!40000 ALTER TABLE `tbl_products` ENABLE KEYS */;
UNLOCK TABLES;

--
-- Table structure for table `tbl_products_images`
--

DROP TABLE IF EXISTS `tbl_products_images`;
/*!40101 SET @saved_cs_client     = @@character_set_client */;
/*!50503 SET character_set_client = utf8mb4 */;
CREATE TABLE `tbl_products_images` (
  `id` int NOT NULL AUTO_INCREMENT,
  `title` varchar(500) CHARACTER SET utf8mb3 COLLATE utf8mb3_general_ci NOT NULL,
  `path` varchar(200) CHARACTER SET utf8mb4 COLLATE utf8mb4_bin NOT NULL,
  `product_id` int NOT NULL,
  `created_date` datetime DEFAULT NULL,
  `updated_date` datetime DEFAULT NULL,
  `created_by` int DEFAULT NULL,
  `updated_by` int DEFAULT NULL,
  `status` varchar(100) CHARACTER SET utf8mb4 COLLATE utf8mb4_bin DEFAULT NULL,
  PRIMARY KEY (`id`),
  KEY `fk_product_images_idx` (`product_id`),
  CONSTRAINT `fk_product_images` FOREIGN KEY (`product_id`) REFERENCES `tbl_products` (`id`)
) ENGINE=InnoDB AUTO_INCREMENT=104 DEFAULT CHARSET=utf8mb4 COLLATE=utf8mb4_bin COMMENT='Bảng dữ liệu danh sách ảnh sản phẩm';
/*!40101 SET character_set_client = @saved_cs_client */;

--
-- Dumping data for table `tbl_products_images`
--

LOCK TABLES `tbl_products_images` WRITE;
/*!40000 ALTER TABLE `tbl_products_images` DISABLE KEYS */;
INSERT INTO `tbl_products_images` VALUES (100,'Warface_sample1686397118643.jpg','product/pictures/Warface_sample1686397118643.jpg',156,NULL,NULL,NULL,NULL,'0'),(101,'ArcheAge_sample1686397118643.jpg','product/pictures/ArcheAge_sample1686397118643.jpg',156,NULL,NULL,NULL,NULL,'0'),(103,'kemduongsenka1706652370460.jpg','product/pictures/kemduongsenka1706652370460.jpg',170,NULL,NULL,NULL,NULL,NULL);
/*!40000 ALTER TABLE `tbl_products_images` ENABLE KEYS */;
UNLOCK TABLES;

--
-- Table structure for table `tbl_roles`
--

DROP TABLE IF EXISTS `tbl_roles`;
/*!40101 SET @saved_cs_client     = @@character_set_client */;
/*!50503 SET character_set_client = utf8mb4 */;
CREATE TABLE `tbl_roles` (
  `id` int NOT NULL AUTO_INCREMENT,
  `name` varchar(45) CHARACTER SET utf8mb4 COLLATE utf8mb4_bin NOT NULL,
  `description` varchar(45) CHARACTER SET utf8mb4 COLLATE utf8mb4_bin NOT NULL,
  `created_date` datetime DEFAULT NULL,
  `updated_date` datetime DEFAULT NULL,
  `created_by` int DEFAULT NULL,
  `updated_by` int DEFAULT NULL,
  `status` varchar(100) CHARACTER SET utf8mb4 COLLATE utf8mb4_bin DEFAULT NULL,
  PRIMARY KEY (`id`)
) ENGINE=InnoDB AUTO_INCREMENT=18 DEFAULT CHARSET=utf8mb4 COLLATE=utf8mb4_bin COMMENT='Bảng dữ liệu chứa thông tin roles';
/*!40101 SET character_set_client = @saved_cs_client */;

--
-- Dumping data for table `tbl_roles`
--

LOCK TABLES `tbl_roles` WRITE;
/*!40000 ALTER TABLE `tbl_roles` DISABLE KEYS */;
INSERT INTO `tbl_roles` VALUES (16,'ADMIN','ADMIN',NULL,NULL,NULL,NULL,'1'),(17,'GUEST','GUEST',NULL,NULL,NULL,NULL,'1');
/*!40000 ALTER TABLE `tbl_roles` ENABLE KEYS */;
UNLOCK TABLES;

--
-- Table structure for table `tbl_saleorder`
--

DROP TABLE IF EXISTS `tbl_saleorder`;
/*!40101 SET @saved_cs_client     = @@character_set_client */;
/*!50503 SET character_set_client = utf8mb4 */;
CREATE TABLE `tbl_saleorder` (
  `id` int NOT NULL AUTO_INCREMENT,
  `code` varchar(45) CHARACTER SET utf8mb3 COLLATE utf8mb3_general_ci NOT NULL,
  `user_id` int DEFAULT NULL,
  `total` decimal(13,2) DEFAULT NULL,
  `created_date` datetime DEFAULT NULL,
  `updated_date` datetime DEFAULT NULL,
  `created_by` int DEFAULT NULL,
  `updated_by` int DEFAULT NULL,
  `status` varchar(100) CHARACTER SET utf8mb4 COLLATE utf8mb4_bin DEFAULT NULL,
  `customer_name` varchar(100) CHARACTER SET utf8mb3 COLLATE utf8mb3_general_ci DEFAULT NULL,
  `customer_address` varchar(100) CHARACTER SET utf8mb3 COLLATE utf8mb3_general_ci DEFAULT NULL,
  `seo` varchar(200) CHARACTER SET utf8mb4 COLLATE utf8mb4_bin DEFAULT NULL,
  `customer_phone` varchar(100) CHARACTER SET utf8mb3 COLLATE utf8mb3_general_ci DEFAULT NULL,
  `cutomer_email` varchar(100) CHARACTER SET utf8mb3 COLLATE utf8mb3_general_ci DEFAULT NULL,
  PRIMARY KEY (`id`)
) ENGINE=InnoDB AUTO_INCREMENT=94 DEFAULT CHARSET=utf8mb4 COLLATE=utf8mb4_bin COMMENT='Bảng dữ liệu chứa phiếu mua hàng';
/*!40101 SET character_set_client = @saved_cs_client */;

--
-- Dumping data for table `tbl_saleorder`
--

LOCK TABLES `tbl_saleorder` WRITE;
/*!40000 ALTER TABLE `tbl_saleorder` DISABLE KEYS */;
INSERT INTO `tbl_saleorder` VALUES (69,'1702913566886',NULL,350000.00,'2023-12-18 22:32:47',NULL,NULL,NULL,'Đang giao hàng','','',NULL,'',''),(70,'1702960305963',NULL,4000000.00,'2023-12-19 11:31:46',NULL,NULL,NULL,'Đã Thanh toán','','',NULL,'',''),(71,'1702960360279',NULL,2000000.00,'2023-12-19 11:32:40',NULL,NULL,NULL,'Đang giao hàng','dsfdsf','dfdsf',NULL,'dfsdf','sb23092002@gmail.com'),(72,'1703008462065',NULL,2290000.00,'2023-12-20 00:54:22',NULL,NULL,NULL,'Đang giao hàng','duythai','sdfsdf',NULL,'2323','sb2323'),(73,'1703008525021',NULL,2556000.00,'2023-12-20 00:55:25',NULL,NULL,NULL,'Đang giao hàng','DuyThai','HANOIHCM',NULL,'0326901096','thaizero945@gmail.com'),(74,'1703009518722',NULL,4410000.00,'2023-12-20 01:11:59',NULL,NULL,NULL,'Đang giao hàng','dtngx','HaNoi',NULL,'0988423902','thaizero945@gmail.com2323'),(75,'1703009546540',NULL,266000.00,'2023-12-20 01:12:27',NULL,NULL,NULL,'Đang giao hàng','dtngx','HanOi',NULL,'0988423902','thaizero945@gmail.com'),(76,'1703009578749',NULL,770000.00,'2023-12-20 01:12:59',NULL,NULL,NULL,'Đang giao hàng','dtngx','HaNoi',NULL,'0988423902','sb23092002@gmail.com'),(77,'1703009605778',NULL,450000.00,'2023-12-20 01:13:26',NULL,NULL,NULL,'Đang giao hàng','dtngx','HaNoi',NULL,'0988423902','thai.nd207630@sis.hust.edu.vn'),(78,'1703009706632',NULL,2100000.00,'2023-12-20 01:15:07',NULL,NULL,NULL,'Đang giao hàng','seri','HCMC',NULL,'0943629222323','thaizero945@gmail.com'),(79,'1703009757662',NULL,450000.00,'2023-12-20 01:15:58',NULL,NULL,NULL,'Đang giao hàng','seri','Ha Dong, Ha Noi',NULL,'98234','dtngx2309@gmail.com'),(80,'1703082301067',NULL,1200000.00,'2023-12-20 21:25:01',NULL,NULL,NULL,'Đang giao hàng','duythai','HaNoi',NULL,'0943629225','sb23092002@gmail.com'),(81,'1703134006789',NULL,1120000.00,'2023-12-21 11:46:47',NULL,NULL,NULL,'Đang giao hàng','dtngx','Hanoi',NULL,'0988423902','sb23092002@gmail.com'),(82,'1703156159039',NULL,779000.00,'2023-12-21 17:55:59',NULL,NULL,NULL,'Đang giao hàng','DuyThaiDec21','BachKhoa, Ha Noi',NULL,'0987654321','sb23092002@gmail.com'),(83,'1704336699958',NULL,3600000.00,'2024-01-04 09:51:40',NULL,NULL,NULL,'Đang giao hàng','duythai','Ha Dong, Ha noi',NULL,'0943629225','sb23092002@gmail.com'),(84,'1705657854195',NULL,779000.00,'2024-01-19 16:50:54',NULL,NULL,NULL,'Đã Thanh toán','haiphong','Yên Hòa Cầu Giấy',NULL,'02938403234','nhp1807@gmail.com'),(85,'1705785800754',NULL,779000.00,'2024-01-21 04:23:21',NULL,NULL,NULL,'Đang giao hàng','duythai','ád',NULL,'0943629225','sb23092002@gmail.com'),(86,'1705846140179',NULL,280000.00,'2024-01-21 21:09:00',NULL,NULL,NULL,'Đang giao hàng','duythai','23432432',NULL,'234','sb23092002@gmail.com'),(87,'1705846186735',NULL,280000.00,'2024-01-21 21:09:47',NULL,NULL,NULL,'Đang giao hàng','duythai','453ADF',NULL,'232323','sb23092002@gmail.com'),(88,'1705848236585',NULL,998000.00,'2024-01-21 21:43:57',NULL,NULL,NULL,'Đang giao hàng','Duy Thai Nguyen','Bách Khoa Hà Nội',NULL,'0944846874','sb23092002@gmail.com'),(89,'1706566052297',NULL,469000.00,'2024-01-30 05:07:32',NULL,NULL,NULL,'Đang giao hàng','duythai','HaNoi',NULL,'0943629225','sb23092002@gmail.com'),(90,'1706566237357',NULL,1049000.00,'2024-01-30 05:10:37',NULL,NULL,NULL,'Đang giao hàng','Nguyen Duy Thai','Bách Khoa Hà Nội',NULL,'0943629225','sb23092002@gmail.com'),(91,'1706690860087',NULL,980000.00,'2024-01-31 15:47:40',NULL,NULL,NULL,'Đang giao hàng','thai31012024','Bách Khoa Hà Nội',NULL,'0988423902','duythai@gmail.com'),(92,'1706690884918',NULL,420000.00,'2024-01-31 15:48:05',NULL,NULL,NULL,'Đang giao hàng','thai31012024','Ha Noi',NULL,'0988423902','sb23092002@gmail.com'),(93,'1706690989055',NULL,250000.00,'2024-01-31 15:49:49',NULL,NULL,NULL,'Đã Thanh toán','thai31012024','Ha Noi',NULL,'0988423902','duythai@gmail.com');
/*!40000 ALTER TABLE `tbl_saleorder` ENABLE KEYS */;
UNLOCK TABLES;

--
-- Table structure for table `tbl_saleorder_products`
--

DROP TABLE IF EXISTS `tbl_saleorder_products`;
/*!40101 SET @saved_cs_client     = @@character_set_client */;
/*!50503 SET character_set_client = utf8mb4 */;
CREATE TABLE `tbl_saleorder_products` (
  `id` int NOT NULL AUTO_INCREMENT,
  `saleorder_id` int NOT NULL,
  `product_id` int NOT NULL,
  `quality` int NOT NULL,
  `created_date` datetime DEFAULT NULL,
  `updated_date` datetime DEFAULT NULL,
  `created_by` int DEFAULT NULL,
  `updated_by` int DEFAULT NULL,
  `status` varchar(100) CHARACTER SET utf8mb4 COLLATE utf8mb4_bin DEFAULT NULL,
  PRIMARY KEY (`id`),
  KEY `fk_saleorder_product_idx` (`saleorder_id`),
  KEY `fk_product_saleorder_idx` (`product_id`),
  CONSTRAINT `fk_product_saleorder` FOREIGN KEY (`product_id`) REFERENCES `tbl_products` (`id`) ON DELETE CASCADE ON UPDATE CASCADE,
  CONSTRAINT `fk_saleorder_product` FOREIGN KEY (`saleorder_id`) REFERENCES `tbl_saleorder` (`id`)
) ENGINE=InnoDB AUTO_INCREMENT=163 DEFAULT CHARSET=utf8mb4 COLLATE=utf8mb4_bin COMMENT='Bảng dữ liệu chứa phiếu mua hàng';
/*!40101 SET character_set_client = @saved_cs_client */;

--
-- Dumping data for table `tbl_saleorder_products`
--

LOCK TABLES `tbl_saleorder_products` WRITE;
/*!40000 ALTER TABLE `tbl_saleorder_products` DISABLE KEYS */;
INSERT INTO `tbl_saleorder_products` VALUES (122,69,150,1,NULL,NULL,NULL,NULL,NULL),(128,73,156,1,NULL,NULL,NULL,NULL,NULL),(132,75,156,1,NULL,NULL,NULL,NULL,NULL),(137,78,150,1,NULL,NULL,NULL,NULL,NULL),(139,80,160,4,NULL,NULL,NULL,NULL,NULL),(140,81,156,4,NULL,NULL,NULL,NULL,NULL),(141,82,155,1,NULL,NULL,NULL,NULL,NULL),(142,82,156,1,NULL,NULL,NULL,NULL,NULL),(143,83,178,18,NULL,NULL,NULL,NULL,NULL),(144,84,156,1,NULL,NULL,NULL,NULL,NULL),(145,84,155,1,NULL,NULL,NULL,NULL,NULL),(146,85,156,1,NULL,NULL,NULL,NULL,NULL),(147,85,155,1,NULL,NULL,NULL,NULL,NULL),(148,86,156,1,NULL,NULL,NULL,NULL,NULL),(149,87,156,1,NULL,NULL,NULL,NULL,NULL),(150,88,155,2,NULL,NULL,NULL,NULL,NULL),(151,89,161,1,NULL,NULL,NULL,NULL,NULL),(152,89,156,1,NULL,NULL,NULL,NULL,NULL),(153,90,155,1,NULL,NULL,NULL,NULL,NULL),(154,90,158,1,NULL,NULL,NULL,NULL,NULL),(155,91,178,1,NULL,NULL,NULL,NULL,NULL),(156,91,181,1,NULL,NULL,NULL,NULL,NULL),(157,91,179,1,NULL,NULL,NULL,NULL,NULL),(158,91,180,2,NULL,NULL,NULL,NULL,NULL),(159,92,180,1,NULL,NULL,NULL,NULL,NULL),(160,92,179,1,NULL,NULL,NULL,NULL,NULL),(161,93,179,1,NULL,NULL,NULL,NULL,NULL),(162,93,174,1,NULL,NULL,NULL,NULL,NULL);
/*!40000 ALTER TABLE `tbl_saleorder_products` ENABLE KEYS */;
UNLOCK TABLES;

--
-- Table structure for table `tbl_users`
--

DROP TABLE IF EXISTS `tbl_users`;
/*!40101 SET @saved_cs_client     = @@character_set_client */;
/*!50503 SET character_set_client = utf8mb4 */;
CREATE TABLE `tbl_users` (
  `id` int NOT NULL AUTO_INCREMENT,
  `username` varchar(45) CHARACTER SET utf8mb4 COLLATE utf8mb4_bin NOT NULL,
  `password` varchar(100) CHARACTER SET utf8mb4 COLLATE utf8mb4_bin NOT NULL,
  `email` varchar(45) CHARACTER SET utf8mb4 COLLATE utf8mb4_bin NOT NULL,
  `created_date` datetime DEFAULT NULL,
  `updated_date` datetime DEFAULT NULL,
  `created_by` int DEFAULT NULL,
  `updated_by` int DEFAULT NULL,
  `status` varchar(100) CHARACTER SET utf8mb4 COLLATE utf8mb4_bin DEFAULT NULL,
  `phone` varchar(100) CHARACTER SET utf8mb4 COLLATE utf8mb4_bin DEFAULT NULL,
  `shipping_address` varchar(1000) CHARACTER SET utf8mb4 COLLATE utf8mb4_bin DEFAULT NULL,
  PRIMARY KEY (`id`)
) ENGINE=InnoDB AUTO_INCREMENT=94 DEFAULT CHARSET=utf8mb4 COLLATE=utf8mb4_bin COMMENT='Bảng dữ liệu chứa thông tin người dùng';
/*!40101 SET character_set_client = @saved_cs_client */;

--
-- Dumping data for table `tbl_users`
--

LOCK TABLES `tbl_users` WRITE;
/*!40000 ALTER TABLE `tbl_users` DISABLE KEYS */;
INSERT INTO `tbl_users` VALUES (82,'duythai','$2a$10$Nfbz8QrS70cKDt3JluFq9eGbYZP8hl8/QLMTNEAQ9Cv7xks8voTHm','sb23092002@gmail.com','2023-12-19 21:37:35',NULL,NULL,NULL,NULL,'0943629225',NULL),(83,'dtngx','$2a$04$la6JTsvjuK/QR9gB17wgmecMU5D9oOyka2PwHE7NnHxDyYjAMW5l6','thai.nd207630@sis.hust.edu.vn','2023-12-20 00:57:08',NULL,NULL,NULL,NULL,'0988423902',NULL),(84,'guest','$2a$04$mA23sWvDyuIwmDB5snvfB.uGEEnxfSpKEKWeDSpFUZBchjRYVaQ4G','dtngx2309@gmail.com','2023-12-21 01:51:30',NULL,NULL,NULL,NULL,'09876773434',NULL),(85,'seapea','$2a$04$tJpy3zeychsH7.zP5nlDwOgRx4nuWpiI28.hpUzexnEQeBnsDxeXm','seapea@gmail.com','2023-12-21 10:20:57',NULL,NULL,NULL,NULL,'09245894454',NULL),(86,'dtngx','$2a$04$21Ke5kUC1JLO0dICJ9TcIu4/Xp/noj7HLPMZdQ.kvxskir9Z8CZdm','dtngx2309@gmail.com','2023-12-21 22:11:27',NULL,NULL,NULL,NULL,'098435984',NULL),(87,'dtngx','$2a$04$41/YXPyv0QTVZv2U6gKluuyKnQqAiXgOMSKQ6cbOv0PlmDWMzBC8y','dtngx2309@gmail.com','2023-12-21 22:12:26',NULL,NULL,NULL,NULL,'098435984',NULL),(88,'dtngx1','$2a$04$m5M1BGneTL/Kvta.Fcqj2u/X2m4HBEMesp2LccOiK0/NTpwTsb39y','seapea@gmail.com','2024-01-09 10:07:33',NULL,NULL,NULL,NULL,'123456',NULL),(89,'dtngx2','$2a$04$6gQuCb..1U3PYRK/HydWsOCaqZrmlENK.wRQ4Xs8uJhQ0zBJ38hdm','sb23092002@gmail.com','2024-01-09 10:43:32',NULL,NULL,NULL,NULL,'123456',NULL),(90,'dtngx3','$2a$04$pafQBrKQpE.R3q81dlhWieNrFHjkMGe1w9HHiUBGd6r9DivXnmK/S','nguyenthai@gmail.com','2024-01-09 10:59:08',NULL,NULL,NULL,NULL,'0988423902',NULL),(91,'haiphong','$2a$04$F6kAynkiuSYMGBgzoGEvdesjQae2SWfhOgqGlDs.YNzp0vB8gX0VW','nhp1807@gmail.com','2024-01-19 16:50:07',NULL,NULL,NULL,NULL,'02938403234',NULL),(92,'duythai999','$2a$04$HvZBgiVRURY0ReCf9mLqWOCzaTRtVxXEmaHII11dPt1pocctCZype','duythai@gmail.com','2024-01-21 04:57:47',NULL,NULL,NULL,NULL,'099823434',NULL),(93,'thai31012024','$2a$04$7sVdDtQOE9TQB3Zqh3TPAe3/osMJoOgMmQ8N/aD5lR.dwhvunJOri','duythai@gmail.com','2024-01-31 04:13:52',NULL,NULL,NULL,NULL,'0988423902',NULL);
/*!40000 ALTER TABLE `tbl_users` ENABLE KEYS */;
UNLOCK TABLES;

--
-- Table structure for table `tbl_users_roles`
--

DROP TABLE IF EXISTS `tbl_users_roles`;
/*!40101 SET @saved_cs_client     = @@character_set_client */;
/*!50503 SET character_set_client = utf8mb4 */;
CREATE TABLE `tbl_users_roles` (
  `user_id` int NOT NULL,
  `role_id` int NOT NULL,
  PRIMARY KEY (`user_id`,`role_id`),
  KEY `fk_roles_idx` (`role_id`),
  CONSTRAINT `fk_roles` FOREIGN KEY (`role_id`) REFERENCES `tbl_roles` (`id`),
  CONSTRAINT `fk_users` FOREIGN KEY (`user_id`) REFERENCES `tbl_users` (`id`)
) ENGINE=InnoDB DEFAULT CHARSET=utf8mb4 COLLATE=utf8mb4_bin COMMENT='bảng trung gian thể hiện quan hệ n-n của users và roles';
/*!40101 SET character_set_client = @saved_cs_client */;

--
-- Dumping data for table `tbl_users_roles`
--

LOCK TABLES `tbl_users_roles` WRITE;
/*!40000 ALTER TABLE `tbl_users_roles` DISABLE KEYS */;
INSERT INTO `tbl_users_roles` VALUES (82,16),(83,17),(84,17),(85,17),(86,17),(87,17),(88,17),(89,17),(90,17),(91,17),(92,17),(93,17);
/*!40000 ALTER TABLE `tbl_users_roles` ENABLE KEYS */;
UNLOCK TABLES;
/*!40103 SET TIME_ZONE=@OLD_TIME_ZONE */;

/*!40101 SET SQL_MODE=@OLD_SQL_MODE */;
/*!40014 SET FOREIGN_KEY_CHECKS=@OLD_FOREIGN_KEY_CHECKS */;
/*!40014 SET UNIQUE_CHECKS=@OLD_UNIQUE_CHECKS */;
/*!40101 SET CHARACTER_SET_CLIENT=@OLD_CHARACTER_SET_CLIENT */;
/*!40101 SET CHARACTER_SET_RESULTS=@OLD_CHARACTER_SET_RESULTS */;
/*!40101 SET COLLATION_CONNECTION=@OLD_COLLATION_CONNECTION */;
/*!40111 SET SQL_NOTES=@OLD_SQL_NOTES */;

-- Dump completed on 2024-02-05 23:21:53
